-- MySQL dump 10.13  Distrib 5.7.24, for osx11.1 (x86_64)
--
-- Host: localhost    Database: demo
-- ------------------------------------------------------
-- Server version	8.0.40

/*!40101 SET @OLD_CHARACTER_SET_CLIENT=@@CHARACTER_SET_CLIENT */;
/*!40101 SET @OLD_CHARACTER_SET_RESULTS=@@CHARACTER_SET_RESULTS */;
/*!40101 SET @OLD_COLLATION_CONNECTION=@@COLLATION_CONNECTION */;
/*!40101 SET NAMES utf8 */;
/*!40103 SET @OLD_TIME_ZONE=@@TIME_ZONE */;
/*!40103 SET TIME_ZONE='+00:00' */;
/*!40014 SET @OLD_UNIQUE_CHECKS=@@UNIQUE_CHECKS, UNIQUE_CHECKS=0 */;
/*!40014 SET @OLD_FOREIGN_KEY_CHECKS=@@FOREIGN_KEY_CHECKS, FOREIGN_KEY_CHECKS=0 */;
/*!40101 SET @OLD_SQL_MODE=@@SQL_MODE, SQL_MODE='NO_AUTO_VALUE_ON_ZERO' */;
/*!40111 SET @OLD_SQL_NOTES=@@SQL_NOTES, SQL_NOTES=0 */;

--
-- Table structure for table `answer`
--

DROP TABLE IF EXISTS `answer`;
/*!40101 SET @saved_cs_client     = @@character_set_client */;
/*!40101 SET character_set_client = utf8 */;
CREATE TABLE `answer` (
  `team_id` varchar(128) NOT NULL,
  `user_id` varchar(128) NOT NULL,
  `quiz_id` int NOT NULL,
  `diary_id` int NOT NULL,
  `language_id` int NOT NULL,
  `answer_date` datetime NOT NULL,
  `choices` char(1) NOT NULL,
  `judgement` int NOT NULL,
  PRIMARY KEY (`team_id`,`user_id`,`quiz_id`,`diary_id`),
  KEY `quiz_id` (`quiz_id`,`diary_id`),
  KEY `language_id` (`language_id`),
  CONSTRAINT `answer_ibfk_1` FOREIGN KEY (`quiz_id`, `diary_id`) REFERENCES `quiz` (`quiz_id`, `diary_id`),
  CONSTRAINT `answer_ibfk_2` FOREIGN KEY (`language_id`) REFERENCES `language` (`language_id`)
) ENGINE=InnoDB DEFAULT CHARSET=utf8mb4 COLLATE=utf8mb4_0900_ai_ci;
/*!40101 SET character_set_client = @saved_cs_client */;

--
-- Dumping data for table `answer`
--

LOCK TABLES `answer` WRITE;
/*!40000 ALTER TABLE `answer` DISABLE KEYS */;
INSERT INTO `answer` VALUES ('sia','01',1,1,1,'2025-03-17 16:00:09','d',1),('sia','01',1,4,1,'2025-03-17 16:28:13','b',1),('sia','01',2,1,1,'2025-03-17 16:00:54','b',1),('sia','01',2,4,1,'2025-03-17 16:28:19','d',1),('sia','01',3,1,1,'2025-03-17 16:01:10','b',1),('sia','01',3,4,1,'2025-03-17 16:28:23','d',1),('sia','01',4,1,1,'2025-03-17 16:01:21','d',1),('sia','01',4,4,1,'2025-03-17 16:28:28','b',1),('sia','01',5,1,1,'2025-03-17 16:01:33','b',1),('sia','01',5,4,1,'2025-03-17 16:28:33','b',1),('sia','02 ',1,4,1,'2025-03-17 16:58:55','b',1),('sia','02 ',1,5,1,'2025-03-17 16:22:41','c',1),('sia','02 ',1,6,1,'2025-03-17 16:57:41','b',1),('sia','02 ',2,4,1,'2025-03-17 16:59:01','d',1),('sia','02 ',2,5,1,'2025-03-17 16:24:30','c',1),('sia','02 ',2,6,1,'2025-03-17 16:57:44','c',1),('sia','02 ',3,4,1,'2025-03-17 16:59:08','d',1),('sia','02 ',3,5,1,'2025-03-17 16:24:37','a',0),('sia','02 ',3,6,1,'2025-03-17 16:57:49','b',1),('sia','02 ',4,4,1,'2025-03-17 16:59:26','c',0),('sia','02 ',4,5,1,'2025-03-17 16:24:45','a',0),('sia','02 ',4,6,1,'2025-03-17 16:57:53','c',1),('sia','02 ',5,4,1,'2025-03-17 17:00:09','b',1),('sia','02 ',5,5,1,'2025-03-17 16:24:53','d',0),('sia','02 ',5,6,1,'2025-03-17 16:57:57','c',1),('sia','03',1,2,1,'2025-03-17 16:41:50','a',0),('sia','03',1,3,1,'2025-03-17 16:42:49','c',1),('sia','03',1,5,1,'2025-03-17 16:41:23','c',1),('sia','03',1,6,1,'2025-03-17 16:43:31','b',1),('sia','03',2,2,1,'2025-03-17 16:41:54','c',1),('sia','03',2,3,1,'2025-03-17 16:42:57','c',0),('sia','03',2,5,1,'2025-03-17 16:41:28','c',1),('sia','03',2,6,1,'2025-03-17 16:43:43','c',1),('sia','03',3,2,1,'2025-03-17 16:42:08','c',1),('sia','03',3,3,1,'2025-03-17 16:43:06','c',0),('sia','03',3,5,1,'2025-03-17 16:41:32','d',0),('sia','03',3,6,1,'2025-03-17 16:43:54','b',1),('sia','03',4,2,1,'2025-03-17 16:42:33','d',0),('sia','03',4,3,1,'2025-03-17 16:43:11','d',0),('sia','03',4,5,1,'2025-03-17 16:41:38','c',1),('sia','03',4,6,1,'2025-03-17 16:43:59','d',0),('sia','03',5,2,1,'2025-03-17 16:42:39','b',1),('sia','03',5,3,1,'2025-03-17 16:43:17','b',1),('sia','03',5,5,1,'2025-03-17 16:41:42','a',0),('sia','03',5,6,1,'2025-03-17 16:44:05','a',0),('sia','04',1,2,1,'2025-03-17 16:44:26','b',1),('sia','04',1,4,1,'2025-03-17 16:13:25','b',1),('sia','04',1,6,1,'2025-03-17 16:44:59','b',1),('sia','04',2,2,1,'2025-03-17 16:44:30','c',1),('sia','04',2,4,1,'2025-03-17 16:13:33','d',1),('sia','04',2,6,1,'2025-03-17 16:45:04','c',1),('sia','04',3,2,1,'2025-03-17 16:44:38','c',1),('sia','04',3,4,1,'2025-03-17 16:13:45','c',0),('sia','04',3,6,1,'2025-03-17 16:45:21','b',1),('sia','04',4,2,1,'2025-03-17 16:44:46','b',1),('sia','04',4,4,1,'2025-03-17 16:15:17','b',1),('sia','04',4,6,1,'2025-03-17 16:45:26','d',0),('sia','04',5,2,1,'2025-03-17 16:44:51','b',1),('sia','04',5,4,1,'2025-03-17 16:15:26','a',0),('sia','04',5,6,1,'2025-03-17 16:45:29','c',1),('sia','05',1,1,10,'2025-03-17 16:18:30','c',0),('sia','05',2,1,10,'2025-03-17 16:18:40','b',1),('sia','05',3,1,10,'2025-03-17 16:18:52','b',1),('sia','05',4,1,10,'2025-03-17 16:19:01','d',1),('sia','05',5,1,10,'2025-03-17 16:19:07','c',0);
/*!40000 ALTER TABLE `answer` ENABLE KEYS */;
UNLOCK TABLES;

--
-- Table structure for table `cash_quiz`
--

DROP TABLE IF EXISTS `cash_quiz`;
/*!40101 SET @saved_cs_client     = @@character_set_client */;
/*!40101 SET character_set_client = utf8 */;
CREATE TABLE `cash_quiz` (
  `cash_quiz_id` int NOT NULL,
  `diary_id` int NOT NULL,
  `user_id` varchar(128) NOT NULL,
  `team_id` varchar(128) NOT NULL,
  `question` text NOT NULL,
  `correct` char(1) NOT NULL,
  `a` text NOT NULL,
  `b` text NOT NULL,
  `c` text NOT NULL,
  `d` text NOT NULL,
  PRIMARY KEY (`cash_quiz_id`,`diary_id`),
  KEY `user_id` (`user_id`,`team_id`),
  CONSTRAINT `cash_quiz_ibfk_1` FOREIGN KEY (`user_id`, `team_id`) REFERENCES `user` (`user_id`, `team_id`)
) ENGINE=InnoDB DEFAULT CHARSET=utf8mb4 COLLATE=utf8mb4_0900_ai_ci;
/*!40101 SET character_set_client = @saved_cs_client */;

--
-- Dumping data for table `cash_quiz`
--

LOCK TABLES `cash_quiz` WRITE;
/*!40000 ALTER TABLE `cash_quiz` DISABLE KEYS */;
/*!40000 ALTER TABLE `cash_quiz` ENABLE KEYS */;
UNLOCK TABLES;

--
-- Table structure for table `diary`
--

DROP TABLE IF EXISTS `diary`;
/*!40101 SET @saved_cs_client     = @@character_set_client */;
/*!40101 SET character_set_client = utf8 */;
CREATE TABLE `diary` (
  `diary_id` int NOT NULL AUTO_INCREMENT,
  `team_id` varchar(128) NOT NULL,
  `user_id` varchar(128) NOT NULL,
  `title` varchar(128) NOT NULL,
  `diary_time` datetime NOT NULL,
  `main_language` int NOT NULL,
  `content` text NOT NULL,
  `thumbs_up` int DEFAULT '0',
  `love` int DEFAULT '0',
  `laugh` int DEFAULT '0',
  `surprised` int DEFAULT '0',
  `sad` int DEFAULT '0',
  `is_visible` tinyint(1) NOT NULL DEFAULT '1',
  PRIMARY KEY (`diary_id`),
  KEY `user_id` (`user_id`,`team_id`),
  KEY `main_language` (`main_language`),
  CONSTRAINT `diary_ibfk_1` FOREIGN KEY (`user_id`, `team_id`) REFERENCES `user` (`user_id`, `team_id`),
  CONSTRAINT `diary_ibfk_2` FOREIGN KEY (`main_language`) REFERENCES `language` (`language_id`)
) ENGINE=InnoDB AUTO_INCREMENT=7 DEFAULT CHARSET=utf8mb4 COLLATE=utf8mb4_0900_ai_ci;
/*!40101 SET character_set_client = @saved_cs_client */;

--
-- Dumping data for table `diary`
--

LOCK TABLES `diary` WRITE;
/*!40000 ALTER TABLE `diary` DISABLE KEYS */;
INSERT INTO `diary` VALUES (1,'sia','01','お花見','2025-03-17 15:56:54',1,'今日は家族と一緒にお花見に行きました。公園には桜の木がたくさんあって、ピンクの花がとてもきれいでした。日本では春になると、みんなで桜の下に集まってお弁当を食べたり、おしゃべりをしたりします。私たちもシートを広げて、おにぎりやからあげを食べました。風が吹くと花びらがふわふわと舞って、とてもきれいでした。桜の花が散るのは少しさみしいけれど、そのはかなさが日本の「もののあわれ」という考えだと聞きました。来年も家族でお花見に行きたいです。',0,0,0,0,0,1),(2,'sia','03','嬉しい100点','2025-03-17 16:03:45',1,'今日はとても嬉しい日でした。算数のテストが返され、なんと100点を取ることができました！昨日、一生懸命に勉強したかいがあったなと思いました。先生に「よく頑張ったね」と褒めてもらい、友達も「すごい！」と声をかけてくれました。家に帰ったら、お母さんにも報告したら褒められて嬉しかったです。',0,0,0,0,0,1),(3,'sia','05','Serunya Bermain Kejar-kejaran di Sekolah','2025-03-17 16:07:18',10,'Hari ini di sekolah, saya bermain kejar-kejaran dengan teman-teman di taman bermain. Kami berlari dengan cepat sambil tertawa bersama. Saya sempat hampir tertangkap, tetapi berhasil menghindar dengan bersembunyi di balik pohon. Permainan ini sangat seru dan membuat saya merasa gembira. Setelah itu, kami minum air bersama dan beristirahat sebelum masuk kelas lagi.',0,0,0,0,0,1),(4,'sia','04','運動会','2025-03-17 16:10:43',1,'今日は待ちに待った運動会がありました。私はリレーに出場し、ドキドキしながらバトンを受け取りました。一生懸命に走って友達にバトンを渡したとき、みんなが「がんばれ！」と応援してくれて嬉しかったです。結果は2位でしたが、全力で走れたので大満足です。お弁当のからあげがとてもおいしかったのも思い出です。楽しい一日でした。',0,0,0,0,0,1),(5,'sia','05','Makan Nasi Goreng Buatan Ibu','2025-03-17 16:16:15',10,'Hari ini aku menghabiskan waktu di rumah bersama keluargaku. Pagi-pagi aku membantu ibu membersihkan rumah. Kami menyapu, merapikan kamar, dan mencuci piring bersama.\nSaat makan siang, ibu membuat nasi goreng. Nasi goreng adalah makanan Indonesia yang dibuat dari nasi yang digoreng dengan bumbu, kecap, dan biasanya ditambah telur atau ayam.\nIbu memasak nasi goreng dengan ayam dan telur di atasnya. Wanginya sangat harum! Aku makan dengan lahap karena rasanya enak sekali.\nSetelah makan, aku membaca buku di ruang tamu sambil mendengarkan musik. Hari ini menyenangkan karena bisa makan nasi goreng buatan ibu yang lezat!',0,0,0,0,0,1),(6,'sia','01','ひな祭り','2025-03-17 16:30:09',1,'今日は3月3日のひな祭りでした。わが家では、おばあちゃんがひな人形をかざってくれました。ひな人形は、お内裏様とお雛様が並んでいて、とてもきれいです。ひな祭りは、女の子の成長を願う日本の伝統行事だと教わりました。夜ごはんにはちらし寿司を食べ、デザートにはひなあられを食べました。ピンクや白、緑のひなあられは、春の訪れを感じさせてくれます。来年もみんなでひな祭りをお祝いしたいです。',0,0,0,0,0,1);
/*!40000 ALTER TABLE `diary` ENABLE KEYS */;
UNLOCK TABLES;

--
-- Table structure for table `language`
--

DROP TABLE IF EXISTS `language`;
/*!40101 SET @saved_cs_client     = @@character_set_client */;
/*!40101 SET character_set_client = utf8 */;
CREATE TABLE `language` (
  `language_id` int NOT NULL AUTO_INCREMENT,
  `language_name` varchar(16) DEFAULT NULL,
  PRIMARY KEY (`language_id`)
) ENGINE=InnoDB AUTO_INCREMENT=12 DEFAULT CHARSET=utf8mb4 COLLATE=utf8mb4_0900_ai_ci;
/*!40101 SET character_set_client = @saved_cs_client */;

--
-- Dumping data for table `language`
--

LOCK TABLES `language` WRITE;
/*!40000 ALTER TABLE `language` DISABLE KEYS */;
INSERT INTO `language` VALUES (1,'日本語'),(2,'英語'),(3,'ポルトガル語'),(4,'スペイン語'),(5,'中国語（簡）'),(6,'中国語（繁）'),(7,'韓国語'),(8,'タガログ語'),(9,'ベトナム語'),(10,'インドネシア語'),(11,'ネパール語');
/*!40000 ALTER TABLE `language` ENABLE KEYS */;
UNLOCK TABLES;

--
-- Table structure for table `multilingual_diary`
--

DROP TABLE IF EXISTS `multilingual_diary`;
/*!40101 SET @saved_cs_client     = @@character_set_client */;
/*!40101 SET character_set_client = utf8 */;
CREATE TABLE `multilingual_diary` (
  `diary_id` int NOT NULL AUTO_INCREMENT,
  `team_id` varchar(128) NOT NULL,
  `user_id` varchar(128) NOT NULL,
  `language_id` int NOT NULL,
  `title` varchar(128) NOT NULL,
  `diary_time` datetime NOT NULL,
  `content` text NOT NULL,
  `is_visible` tinyint(1) NOT NULL DEFAULT '1',
  PRIMARY KEY (`diary_id`,`language_id`),
  KEY `user_id` (`user_id`,`team_id`),
  KEY `language_id` (`language_id`),
  CONSTRAINT `multilingual_diary_ibfk_1` FOREIGN KEY (`user_id`, `team_id`) REFERENCES `user` (`user_id`, `team_id`),
  CONSTRAINT `multilingual_diary_ibfk_2` FOREIGN KEY (`language_id`) REFERENCES `language` (`language_id`)
) ENGINE=InnoDB AUTO_INCREMENT=7 DEFAULT CHARSET=utf8mb4 COLLATE=utf8mb4_0900_ai_ci;
/*!40101 SET character_set_client = @saved_cs_client */;

--
-- Dumping data for table `multilingual_diary`
--

LOCK TABLES `multilingual_diary` WRITE;
/*!40000 ALTER TABLE `multilingual_diary` DISABLE KEYS */;
INSERT INTO `multilingual_diary` VALUES (1,'sia','01',1,'お花見','2025-03-17 15:56:54','今日は家族と一緒にお花見に行きました。公園には桜の木がたくさんあって、ピンクの花がとてもきれいでした。日本では春になると、みんなで桜の下に集まってお弁当を食べたり、おしゃべりをしたりします。私たちもシートを広げて、おにぎりやからあげを食べました。風が吹くと花びらがふわふわと舞って、とてもきれいでした。桜の花が散るのは少しさみしいけれど、そのはかなさが日本の「もののあわれ」という考えだと聞きました。来年も家族でお花見に行きたいです。',1),(1,'sia','01',2,'Cherry Blossom Viewing','2025-03-17 15:56:54','Today I went to see the cherry blossoms with my family. There were many cherry trees in the park, and the pink flowers were very beautiful. In Japan, in spring, everyone gathers under the cherry blossoms to eat lunch and chat. We spread out a sheet and ate rice balls and fried chicken. When the wind blew, the petals fluttered and it was very beautiful. It was a little sad to see the cherry blossoms fall, but I heard that their transience is the Japanese idea of \"mono no aware\". I would like to go to see the cherry blossoms with my family again next year.',1),(1,'sia','01',3,'Observação de flores de cerejeira','2025-03-17 15:56:54','Hoje fui ver as flores de cerejeira com minha família. Havia muitas cerejeiras no parque e as flores rosas eram muito bonitas. No Japão, quando chega a primavera, as pessoas se reúnem sob as flores de cerejeira para comer bento e conversar. Estendemos um lençol e comemos bolinhos de arroz e frango frito. Quando o vento soprava, as pétalas tremulavam no ar e era muito bonito. É um pouco triste ver as flores de cerejeira caírem, mas ouvi dizer que essa transitoriedade é o conceito japonês de mono no aware. Quero ir ver as flores de cerejeira com minha família novamente no ano que vem.',1),(1,'sia','01',4,'Observación de los cerezos en flor','2025-03-17 15:56:54','Hoy fui a ver los cerezos en flor con mi familia. Había muchos cerezos en flor en el parque y las flores rosas eran muy hermosas. En Japón, cuando llega la primavera, la gente se reúne bajo los cerezos en flor para comer bento y charlar. Extendimos una sábana y comimos bolas de arroz y pollo frito. Cuando el viento soplaba los pétalos revoloteaban en el aire y era muy hermoso. Es un poco triste ver caer las flores de cerezo, pero he oído que esta transitoriedad es el concepto japonés de mono no awareness. Quiero volver a ver los cerezos en flor con mi familia el año que viene.',1),(1,'sia','01',5,'赏樱','2025-03-17 15:56:54','今天和家人一起去看樱花。公园里有很多樱花树，粉红色的花朵非常美丽。在日本，每当春天来临时，人们就会聚集在樱花树下吃便当、聊天。我们铺开一张床单，吃饭团和炸鸡。风一吹，花瓣在空中飘扬，非常美丽。看到樱花飘落确实让人感到有些伤感，但我听说这种短暂无常就是日本的“物哀”概念。明年我想再次和家人一起去赏樱花。',1),(1,'sia','01',6,'賞櫻','2025-03-17 15:56:54','今天和家人一起去看櫻花。公園裡有很多櫻花樹，粉紅色的花朵非常美麗。在日本，每當春天來臨時，人們就會聚集在櫻花樹下吃便當、聊天。我們鋪開一張床單，吃飯團和炸雞。風一吹，花瓣在空中飄揚，非常美麗。看到櫻花飄落確實讓人感到有些傷感，但我聽說這種短暫無常就是日本的「物哀」概念。明年我想再和家人一起去賞櫻花。',1),(1,'sia','01',7,'꽃놀이','2025-03-17 15:56:54','오늘은 가족과 함께 꽃놀이에 갔습니다. 공원에는 벚꽃 나무가 많이 있었고 핑크 꽃이 매우 깨끗했습니다. 일본에서는 봄이 되면, 모두 벚꽃 아래에 모여 도시락을 먹거나, 수다를 하거나 합니다. 우리도 시트를 펼쳐 주먹밥과 튀김을 먹었습니다. 바람이 불면 꽃잎이 푹신푹신 흩어져 매우 깨끗했습니다. 벚꽃이 흩어지는 것은 조금 맛있지만, 그 가나사가 일본의 「모노노아리」라는 생각이라고 들었습니다. 내년에도 가족으로 꽃놀이에 가고 싶습니다.',1),(1,'sia','01',8,'Pagtingin ng Cherry Blossom','2025-03-17 15:56:54','Ngayon ay pumunta ako upang makita ang mga cherry blossom kasama ang aking pamilya. Maraming cherry blossom trees sa parke at napakaganda ng mga pink na bulaklak. Sa Japan, pagdating ng tagsibol, nagtitipon ang mga tao sa ilalim ng mga cherry blossoms upang kumain ng bento at makipagkwentuhan. Nag-spread kami ng sheet at kumain ng rice balls at fried chicken. Nang umihip ang hangin ay naglipana ang mga talulot sa hangin at napakaganda nito. Medyo nakakalungkot na makita ang mga cherry blossoms na bumagsak, ngunit narinig ko na ang transience na ito ay ang Japanese concept ng mono no aware. Gusto ko ulit manood ng cherry blossom kasama ang pamilya ko next year.',1),(1,'sia','01',9,'Ngắm hoa anh đào','2025-03-17 15:56:54','Hôm nay tôi đi ngắm hoa anh đào cùng gia đình. Có rất nhiều cây hoa anh đào trong công viên và những bông hoa màu hồng rất đẹp. Ở Nhật Bản, khi mùa xuân đến, mọi người thường tụ tập dưới tán cây anh đào để ăn bento và trò chuyện. Chúng tôi trải một tấm khăn trải giường và ăn cơm nắm và gà rán. Khi gió thổi, những cánh hoa bay phấp phới trong không khí trông rất đẹp. Thật buồn khi chứng kiến hoa anh đào rụng, nhưng tôi nghe nói rằng sự phù du này chính là khái niệm mono no aware của người Nhật. Tôi muốn đi ngắm hoa anh đào cùng gia đình lần nữa vào năm sau.',1),(1,'sia','01',10,'Melihat Bunga Sakura','2025-03-17 15:56:54','Hari ini aku pergi melihat bunga sakura bersama keluargaku. Ada banyak pohon bunga sakura di taman dan bunga-bunga berwarna merah muda itu sangatlah indah. Di Jepang, ketika musim semi tiba, orang-orang berkumpul di bawah bunga sakura untuk makan bento dan mengobrol. Kami menggelar selembar kertas dan menyantap nasi kepal dan ayam goreng. Ketika angin bertiup, kelopak bunganya berkibar di udara dan itu sangatlah indah. Agak menyedihkan melihat bunga sakura berguguran, tetapi saya pernah mendengar bahwa kefanaan ini merupakan konsep orang Jepang yang disebut mono no aware. Saya ingin pergi melihat bunga sakura bersama keluarga saya lagi tahun depan.',1),(1,'sia','01',11,'चेरी ब्लसम अवलोकन','2025-03-17 15:56:54','आज म मेरो परिवारसँग चेरीको फूल हेर्न गएको थिएँ। पार्कमा धेरै चेरी ब्लसम रूखहरू थिए र गुलाबी फूलहरू धेरै सुन्दर थिए। जापानमा, वसन्त ऋतु आउँदा, मानिसहरू चेरीको फूलमुनि भेला भएर बेन्तो खान र गफ गर्छन्। हामीले एउटा चादर ओछ्यायौं र भातको डल्ला र फ्राइड कुखुरा खायौं। हावा चल्दा पंखुडीहरू हावामा फहराइन्थे र यो धेरै सुन्दर थियो। चेरीका फूलहरू झरेको देख्दा अलि दुःख लाग्छ, तर मैले सुनेको छु कि यो क्षणिकता मोनोको जापानी अवधारणा हो भन्ने मलाई थाहा छैन। म अर्को वर्ष फेरि मेरो परिवारसँग चेरी ब्लासम हेर्न जान चाहन्छु।',1),(2,'sia','03',1,'嬉しい100点','2025-03-17 16:03:45','今日はとても嬉しい日でした。算数のテストが返され、なんと100点を取ることができました！昨日、一生懸命に勉強したかいがあったなと思いました。先生に「よく頑張ったね」と褒めてもらい、友達も「すごい！」と声をかけてくれました。家に帰ったら、お母さんにも報告したら褒められて嬉しかったです。',1),(2,'sia','03',2,'A happy 100 points','2025-03-17 16:03:45','Today was a very happy day. I got my math test back and I got 100 points! I felt that all the hard work I did yesterday was worth it. My teacher praised me, saying \"You did a good job,\" and my friends said \"That\'s amazing!\" When I got home, I told my mom and she praised me, so I was happy.',1),(2,'sia','03',3,'Felizes 100 pontos','2025-03-17 16:03:45','Hoje foi um dia muito feliz. Minha prova de matemática chegou e tirei 100! Percebi que estudar bastante ontem valeu a pena. Meu professor me elogiou, dizendo: \"Você fez um ótimo trabalho\", e meus amigos também disseram: \"Isso é incrível!\" Quando cheguei em casa, contei para minha mãe e ela me elogiou, o que me deixou muito feliz.',1),(2,'sia','03',4,'Unos felices 100 puntos','2025-03-17 16:03:45','Hoy fue un día muy feliz. ¡Regresó mi examen de matemáticas y obtuve un 100! Me di cuenta de que estudiar mucho ayer valió la pena. Mi profesor me elogió diciendo \"Hiciste un gran trabajo\", y mis amigos también dijeron \"¡Eso es increíble!\". Cuando llegué a casa se lo dije a mi mamá y ella me elogió, lo que me hizo muy feliz.',1),(2,'sia','03',5,'快乐的100分','2025-03-17 16:03:45','今天是非常快乐的一天。我的数学考试成绩出来了，我得了 100 分！我意识到昨天的刻苦学习是值得的。老师表扬我说：“你做得很好”，我的朋友也说：“太棒了！”回到家我告诉了妈妈，她夸奖了我，我很高兴。',1),(2,'sia','03',6,'快樂的100分','2025-03-17 16:03:45','今天是非常快樂的一天。我的數學考試成績出來了，我得了 100 分！我意識到昨天的刻苦學習是值得的。老師稱讚我說：“你做得很好”，我的朋友也說：“太棒了！”回到家我告訴了媽媽，她稱讚了我，我很高興。',1),(2,'sia','03',7,'즐거운 100점','2025-03-17 16:03:45','오늘은 매우 기쁜 날이었습니다. 산수의 테스트가 돌려주어, 무려 100점을 취할 수 있었습니다! 어제 열심히 공부하고 싶은 생각이 들었다고 생각했습니다. 선생님에게 「잘 열심히 했네」라고 칭찬해 주었고, 친구도 「대단해!」라고 말을 걸어 주었습니다. 집에 돌아가면 엄마에게도 보고하면 칭찬받아 기뻤습니다.',1),(2,'sia','03',8,'Isang masayang 100 puntos','2025-03-17 16:03:45','Napakasaya ng araw na ito. Bumalik ang pagsusulit ko sa matematika at nakakuha ako ng 100! Napagtanto ko na sulit ang pag-aaral ng mabuti kahapon. Pinuri ako ng aking guro, na nagsasabing \"Magaling ka,\" at sinabi rin ng mga kaibigan ko na \"Nakakamangha!\" Pag-uwi ko, sinabi ko sa nanay ko at pinuri niya ako, na talagang ikinatuwa ko.',1),(2,'sia','03',9,'Chúc mừng 100 điểm','2025-03-17 16:03:45','Hôm nay là một ngày rất vui. Bài kiểm tra toán của tôi đã có kết quả và tôi được 100 điểm! Tôi nhận ra rằng việc học tập chăm chỉ ngày hôm qua là xứng đáng. Cô giáo khen tôi rằng \"Em làm tốt lắm\", và bạn bè tôi cũng nói \"Thật tuyệt vời!\" Khi về nhà, tôi kể với mẹ và mẹ khen tôi, điều đó khiến tôi thực sự vui.',1),(2,'sia','03',10,'100 poin yang membahagiakan','2025-03-17 16:03:45','Hari ini adalah hari yang sangat membahagiakan. Hasil ujian matematikaku keluar dan aku dapat nilai 100! Saya menyadari bahwa belajar keras kemarin ada gunanya. Guruku memujiku dengan mengatakan, \"Kamu sudah melakukan pekerjaan dengan baik,\" dan teman-temanku juga berkata, \"Itu luar biasa!\" Ketika sampai di rumah, aku menceritakannya kepada ibuku, dan ibuku memujiku, dan itu membuatku sangat bahagia.',1),(2,'sia','03',11,'खुसीको १०० अंक','2025-03-17 16:03:45','आजको दिन एकदमै खुसीको दिन थियो। मेरो गणित परीक्षा फेरि आयो र मैले १०० अंक ल्याएँ! हिजो कडा अध्ययन गर्नु सार्थक थियो भन्ने मैले महसुस गरें। मेरो शिक्षकले मेरो प्रशंसा गर्नुभयो, \"तिमीले राम्रो काम गर्यौ\" भन्दै, र मेरा साथीहरूले पनि \"यो त अद्भुत छ!\" भने। घर पुगेपछि, मैले आमालाई भनें र उहाँले मेरो प्रशंसा गर्नुभयो, जसले मलाई साँच्चै खुसी बनायो।',1),(3,'sia','05',1,'学校でおにごっこをする楽しさ','2025-03-17 16:07:18','きょう、学校でともだちと校庭でおにごっこをしました。わたしたちは笑いながら急いで走りました。つかまりそうになったが、木の後ろにかくれてなんとかのがれた。このゲームはとてもエキサイティングで、幸せな気分になります。その後、いっしょに水を飲んできゅうけいしてからじゅぎょうにもどりました。',1),(3,'sia','05',2,'The Fun of Playing Tag at School','2025-03-17 16:07:18','Today at school, I played tag with my friends in the playground. We ran fast while laughing together. I almost got caught, but I managed to escape by hiding behind a tree. This game was very exciting and made me feel happy. After that, we drank water together and took a break before going back to class.',1),(3,'sia','05',3,'A diversão de brincar de pega-pega na escola','2025-03-17 16:07:18','Hoje na escola, brinquei de pega-pega com meus amigos no parquinho. Nós corremos rápido enquanto ríamos juntos. Quase fui pego, mas consegui evitar me escondendo atrás de uma árvore. Este jogo é muito emocionante e me faz sentir feliz. Depois disso, bebemos água juntos e fizemos uma pausa antes de voltar para a aula.',1),(3,'sia','05',4,'La diversión de jugar a la mancha en la escuela','2025-03-17 16:07:18','Hoy en la escuela, jugué a la mancha con mis amigos en el patio. Corrimos rápido mientras reíamos juntos. Casi me atraparon, pero logré evitarlo escondiéndome detrás de un árbol. Este juego es muy emocionante y me hace sentir feliz. Después de eso, bebimos agua juntos y tomamos un descanso antes de volver a clase.',1),(3,'sia','05',5,'在学校玩捉迷藏的乐趣','2025-03-17 16:07:18','今天在学校，我在操场上和朋友们玩捉迷藏。我们一边笑着一边飞快地奔跑。我差点被抓住，幸好躲在一棵树后面才躲过一劫。这场比赛非常精彩，让我感到很开心。之后大家一起喝了水，休息了一会就回课堂了。',1),(3,'sia','05',6,'在學校玩捉迷藏的樂趣','2025-03-17 16:07:18','今天在學校，我在操場上和朋友玩捉迷藏。我們一邊笑著一邊飛快地奔跑。我差點被抓住，幸好躲在一棵樹後面才躲過一劫。這場比賽非常精彩，讓我感到很開心。之後大家一起喝了水，休息了一會兒就回課堂了。',1),(3,'sia','05',7,'학교에서 술래잡기 놀이의 재미','2025-03-17 16:07:18','오늘 학교 운동장에서 친구들과 술래잡기 놀이를 했습니다. 우리는 함께 웃으며 빠르게 달렸습니다. 나는 거의 잡힐 뻔했지만, 나무 뒤에 숨어서 피했습니다. 이 게임은 정말 흥미진진해서 기분이 좋아집니다. 그 후, 우리는 함께 물을 마시고 휴식을 취한 후 다시 수업으로 돌아갔습니다.',1),(3,'sia','05',8,'Ang saya ng Paglalaro ng Tag sa School','2025-03-17 16:07:18','Ngayon sa paaralan, nakikipaglaro ako sa aking mga kaibigan sa palaruan. Mabilis kaming tumakbo habang sabay kaming nagtatawanan. Muntik na akong mahuli, pero nakaiwas ako sa pamamagitan ng pagtatago sa likod ng puno. Ang larong ito ay lubhang kapana-panabik at nagpapasaya sa akin. Pagkatapos noon, sabay kaming uminom ng tubig at nagpahinga bago bumalik sa klase.',1),(3,'sia','05',9,'Niềm vui của trò chơi đuổi bắt ở trường','2025-03-17 16:07:18','Hôm nay ở trường, tôi chơi trò đuổi bắt với bạn bè trên sân chơi. Chúng tôi vừa chạy nhanh vừa cười đùa. Tôi gần như bị bắt gặp, nhưng đã tránh được bằng cách ẩn sau một cái cây. Trò chơi này rất thú vị và khiến tôi cảm thấy vui vẻ. Sau đó, chúng tôi cùng nhau uống nước và nghỉ ngơi trước khi quay lại lớp.',1),(3,'sia','05',10,'Serunya Bermain Kejar-kejaran di Sekolah','2025-03-17 16:07:18','Hari ini di sekolah, saya bermain kejar-kejaran dengan teman-teman di taman bermain. Kami berlari dengan cepat sambil tertawa bersama. Saya sempat hampir tertangkap, tetapi berhasil menghindar dengan bersembunyi di balik pohon. Permainan ini sangat seru dan membuat saya merasa gembira. Setelah itu, kami minum air bersama dan beristirahat sebelum masuk kelas lagi.',1),(3,'sia','05',11,'स्कूलमा ट्याग खेल्नुको रमाइलो','2025-03-17 16:07:18','आज स्कूलमा, मैले खेल मैदानमा मेरा साथीहरूसँग ट्याग खेलेँ। हामी सँगै हाँस्दै छिटो दौडियौं। म लगभग समातिएको थिएँ, तर रूख पछाडि लुकेर त्यसबाट बच्न सफल भएँ। यो खेल धेरै रोमाञ्चक छ र मलाई खुशी महसुस गराउँछ। त्यसपछि, हामीले सँगै पानी पियौं र कक्षामा फर्कनु अघि विश्राम लियौं।',1),(4,'sia','04',1,'運動会','2025-03-17 16:10:43','今日は待ちに待った運動会がありました。私はリレーに出場し、ドキドキしながらバトンを受け取りました。一生懸命に走って友達にバトンを渡したとき、みんなが「がんばれ！」と応援してくれて嬉しかったです。結果は2位でしたが、全力で走れたので大満足です。お弁当のからあげがとてもおいしかったのも思い出です。楽しい一日でした。',1),(4,'sia','04',2,'Sports Day','2025-03-17 16:10:43','Today was the long-awaited sports day. I participated in the relay and received the baton with a pounding heart. When I ran as hard as I could and handed it over to my friend, everyone cheered me on, saying \"Go for it!\" and I was so happy. I ended up in second place, but I was very satisfied because I ran at my best. I also remember how delicious the fried chicken lunch was. It was a fun day.',1),(4,'sia','04',3,'Dia do Esporte','2025-03-17 16:10:43','Hoje foi o tão esperado dia dos esportes. Participei do revezamento e recebi o bastão com o coração batendo forte. Quando corri o mais rápido que pude e entreguei o bastão ao meu amigo, todos me aplaudiram, dizendo \"Vá em frente!\" e isso me deixou feliz. Apesar de ter ficado em segundo lugar, estou muito feliz porque dei tudo de mim. Também me lembro que o frango frito no bento era muito gostoso. Foi um dia divertido.',1),(4,'sia','04',4,'Día del Deporte','2025-03-17 16:10:43','Hoy fue el día deportivo tan esperado. Participé en el relevo y recibí el testigo con el corazón palpitante. Cuando corrí lo más rápido que pude y le entregué el testigo a mi amigo, todos me aclamaron diciéndome \"¡Adelante!\" y eso me hizo feliz. Aunque quedé en segundo lugar, estoy muy contento porque lo di todo. También recuerdo que el pollo frito en el bento estaba muy delicioso. Fue un día divertido.',1),(4,'sia','04',5,'运动日','2025-03-17 16:10:43','今天是大家期盼已久的运动会。我参加了接力赛，怀着激动的心情接过了接力棒。当我拼尽全力跑完，把接力棒交给朋友的时候，大家都为我加油，说“加油！”，我很开心。虽然我只获得了第二名，但是我很高兴，因为我已经尽了全力。我还记得便当里的炸鸡非常好吃。这真是快乐的一天。',1),(4,'sia','04',6,'運動日','2025-03-17 16:10:43','今天是大家期盼已久的運動會。我參加了接力賽，我懷著激動的心情接過了接力棒。當我拼盡全力跑完，把接力棒交給朋友的時候，大家都為我加油，說“加油！”，我很開心。雖然我只獲得了第二名，但是我很高興，因為我已經盡了全力。我還記得便當裡的炸雞非常好吃。這真是快樂的一天。',1),(4,'sia','04',7,'운동회','2025-03-17 16:10:43','오늘은 기다리고 기다린 운동회가 있었습니다. 나는 릴레이에 참가했고 두근두근하면서 배턴을 받았다. 열심히 달려 친구에게 배턴을 건네주었을 때, 모두가 「힘내라!」라고 응원해 주셔서 기뻤습니다. 결과는 2위였지만, 전력으로 달릴 수 있었으므로 대만족입니다. 도시락에서 튀김이 매우 맛있었던 것도 추억입니다. 즐거운 하루였습니다.',1),(4,'sia','04',8,'Araw ng Palakasan','2025-03-17 16:10:43','Ngayon ang pinakahihintay na araw ng palakasan. Nakilahok ako sa relay at tinanggap ang baton na may tibok ng puso. Nang tumakbo ako nang husto sa abot ng aking makakaya at ibigay ang baton sa aking kaibigan, lahat ay nagpasaya sa akin, na nagsasabing \"Go for it!\" Kahit pumangalawa ako, sobrang saya ko dahil binigay ko lahat. Naalala ko rin na napakasarap ng fried chicken sa bento. Masaya ang araw na iyon.',1),(4,'sia','04',9,'Ngày thể thao','2025-03-17 16:10:43','Hôm nay là ngày thể thao được mong đợi từ lâu. Tôi đã tham gia chạy tiếp sức và nhận được gậy tiếp sức với trái tim đập thình thịch. Khi tôi chạy hết sức mình và trao lại gậy cho bạn mình, mọi người đều cổ vũ tôi, nói rằng \"Cố lên!\" và điều đó làm tôi vui. Mặc dù chỉ đạt giải nhì nhưng tôi rất vui vì đã cố gắng hết sức. Tôi cũng nhớ rằng món gà rán trong hộp cơm bento của tôi rất ngon. Đó là một ngày vui vẻ.',1),(4,'sia','04',10,'Hari Olahraga','2025-03-17 16:10:43','Hari ini adalah hari olahraga yang ditunggu-tunggu. Saya ikut serta dalam estafet dan menerima tongkat estafet dengan jantung berdebar-debar. Ketika aku berlari sekuat tenaga dan menyerahkan tongkat estafet kepada temanku, semua orang menyemangatiku dengan berkata, \"Ayo!\" dan itu membuatku gembira. Walaupun aku hanya berada di posisi kedua, aku sangat senang karena aku sudah memberikan yang terbaik. Saya juga ingat ayam goreng dalam bento itu sangat lezat. Itu hari yang menyenangkan.',1),(4,'sia','04',11,'खेलकुद दिवस','2025-03-17 16:10:43','आज लामो समयदेखि प्रतिक्षा गरिएको खेलकुद दिन थियो। मैले रिलेमा भाग लिएँ र धड्किएको हृदयले ब्याटन ग्रहण गरें। जब म सकेसम्म दौडेर मेरो साथीलाई डण्डा दिएँ, सबैले मलाई \"यसको लागि जानुहोस्!\" भन्दै हौसला दिए र यसले मलाई खुशी बनायो। म दोस्रो स्थानमा आए पनि, म धेरै खुसी छु किनभने मैले मेरो सबैथोक दिएँ। मलाई याद छ, बेन्टोमा फ्राइड कुखुरा धेरै स्वादिष्ट थियो। रमाइलो दिन थियो।',1),(5,'sia','05',1,'おかあさんが作ったチャーハンを食べる','2025-03-17 16:16:15','きょうは家族といっしょに家ですごしました。朝、わたしは母が家をそうじするのをてつだいます。わたしたちはいっしょにへやをはきそうじし、かたづけ、食器をあらいます。昼食に、母はチャーハンを作りました。ナシゴレンは、スパイスとひしお油でいためた米に、つうじょうはたまごやとりにくを加えて作るインドネシア料理です。母はとりにくとたまごをのせたチャーハンを作りました。とても良いかおりです！とてもおいしかったので、喜んで食べました。食後はリビングで音楽をききながら本を読みます。きょうはおかあさんが作ったおいしいチャーハンが食べられるので最高の日です！',1),(5,'sia','05',2,'Eat Fried Rice Made by Mother','2025-03-17 16:16:15','Today I spent time at home with my family. In the morning I helped my mother clean the house. We swept, tidied up the room, and washed the dishes together. At lunch, my mother made fried rice. Fried rice is an Indonesian food made from rice fried with spices, soy sauce, and usually with eggs or chicken. My mother cooked fried rice with chicken and eggs on top. It smelled so good! I ate it heartily because it tasted so good. After eating, I read a book in the living room while listening to music. Today was a fun day because I could eat my mother\'s delicious fried rice!',1),(5,'sia','05',3,'Coma arroz frito feito pela mãe','2025-03-17 16:16:15','Hoje passei um tempo em casa com minha família. De manhã ajudo minha mãe a limpar a casa. Nós varremos, arrumamos o quarto e lavamos a louça juntos. No almoço, minha mãe fez arroz frito. Nasi goreng é um prato indonésio feito de arroz frito com especiarias, molho de soja e geralmente adicionado de ovo ou frango. Minha mãe cozinhou arroz frito com frango e ovo por cima. Cheira tão bem! Comi com gosto porque o sabor era muito bom. Depois de comer, li um livro na sala enquanto ouvia música. Hoje é um ótimo dia porque posso comer um delicioso arroz frito feito pela minha mãe!',1),(5,'sia','05',4,'Come arroz frito hecho por mamá','2025-03-17 16:16:15','Hoy pasé tiempo en casa con mi familia. Por la mañana ayudo a mi madre a limpiar la casa. Barremos, ordenamos la habitación y lavamos los platos juntos. En el almuerzo, mamá hizo arroz frito. Nasi goreng es una comida indonesia hecha con arroz frito con especias, salsa de soja y, generalmente, añadido con huevo o pollo. Mamá cocinó arroz frito con pollo y huevo encima. ¡Huele tan bien! Lo comí con gusto porque sabía muy rico. Después de comer, leo un libro en la sala mientras escucho música. ¡Hoy es un gran día porque puedo comer un delicioso arroz frito hecho por mi madre!',1),(5,'sia','05',5,'吃妈妈做的炒饭','2025-03-17 16:16:15','今天我和家人一起在家度过。早上我帮妈妈打扫房子。我们一起扫地、整理房间、洗碗。午餐时，妈妈做了炒饭。炒饭 (Nasi goreng) 是一种印度尼西亚美食，由米饭、香料和酱油炒制而成，通常会添加鸡蛋或鸡肉。妈妈做了炒饭，上面有鸡肉和鸡蛋。闻起来真香！我津津有味地吃了它，因为它味道太好了。吃完饭后，我在客厅一边听音乐一边看书。今天真是美好的一天，因为我可以吃到妈妈做的美味炒饭了！',1),(5,'sia','05',6,'吃媽媽做的炒飯','2025-03-17 16:16:15','今天我和家人一起在家度過。早上我幫媽媽打掃房子。我們一起掃地、整理房間、洗碗。午餐時，媽媽做了炒飯。炒飯 (Nasi goreng) 是一種印尼美食，由米飯、香料和醬油炒製而成，通常會添加雞蛋或雞肉。媽媽做了炒飯，上面有雞肉和雞蛋。聞起來真香！我津津有味地吃了它，因為它味道太好了。吃完飯後，我在客廳一邊聽音樂一邊看書。今天真是美好的一天，因為我可以吃到媽媽做的美味炒飯了！',1),(5,'sia','05',7,'엄마가 만들어준 볶음밥을 먹어요','2025-03-17 16:16:15','오늘은 집에서 가족과 함께 시간을 보냈습니다. 아침에 나는 어머니를 도와 집안 청소를 한다. 우리는 함께 청소하고, 방을 치우고, 설거지도 합니다. 점심때 엄마는 볶음밥을 만들었어요. 나시고랭은 쌀을 향신료와 간장으로 볶은 후, 보통 계란이나 닭고기를 넣어 만든 인도네시아 음식입니다. 어머니는 닭고기와 계란을 얹은 볶음밥을 요리했습니다. 정말 좋은 향이네요! 너무 맛있어서 맛있게 먹었습니다. 식사 후에는 거실에서 음악을 들으며 책을 읽었습니다. 오늘은 엄마가 만들어 주신 맛있는 볶음밥을 먹을 수 있어서 좋은 날이에요!',1),(5,'sia','05',8,'Kumain ng Fried Rice na Gawa ni Nanay','2025-03-17 16:16:15','Ngayon ay gumugol ako ng oras sa bahay kasama ang aking pamilya. Sa umaga tinutulungan ko ang aking ina sa paglilinis ng bahay. Sabay kaming nagwawalis, nag-aayos ng kwarto, at naghuhugas ng pinggan. Sa tanghalian, nagluto si nanay ng sinangag. Ang Nasi goreng ay isang pagkaing Indonesian na gawa sa kanin na pinirito na may mga pampalasa, toyo, at karaniwang idinagdag sa itlog o manok. Nagluto si nanay ng sinangag na may manok at itlog sa ibabaw. Napakabango nito! Kinain ko ito ng sarap dahil ang sarap. Pagkatapos kong kumain, nagbasa ako ng libro sa sala habang nakikinig ng music. Ngayon ay isang magandang araw dahil makakain ako ng masarap na sinangag na gawa ng aking ina!',1),(5,'sia','05',9,'Ăn Cơm Chiên Mẹ Làm','2025-03-17 16:16:15','Hôm nay tôi dành thời gian ở nhà với gia đình. Buổi sáng tôi giúp mẹ dọn dẹp nhà cửa. Chúng tôi quét dọn, dọn dẹp phòng và rửa bát đĩa cùng nhau. Vào bữa trưa, mẹ làm cơm chiên. Nasi goreng là một món ăn của Indonesia được làm từ cơm rang với gia vị, nước tương và thường thêm trứng hoặc thịt gà. Mẹ nấu cơm chiên với thịt gà và trứng ở trên. Mùi thơm quá! Tôi đã ăn nó một cách thích thú vì nó có vị rất ngon. Sau khi ăn xong, tôi đọc sách ở phòng khách trong khi nghe nhạc. Hôm nay là một ngày tuyệt vời vì tôi được ăn cơm chiên ngon lành do mẹ tôi làm!',1),(5,'sia','05',10,'Makan Nasi Goreng Buatan Ibu','2025-03-17 16:16:15','Hari ini aku menghabiskan waktu di rumah bersama keluargaku. Pagi-pagi aku membantu ibu membersihkan rumah. Kami menyapu, merapikan kamar, dan mencuci piring bersama.\nSaat makan siang, ibu membuat nasi goreng. Nasi goreng adalah makanan Indonesia yang dibuat dari nasi yang digoreng dengan bumbu, kecap, dan biasanya ditambah telur atau ayam.\nIbu memasak nasi goreng dengan ayam dan telur di atasnya. Wanginya sangat harum! Aku makan dengan lahap karena rasanya enak sekali.\nSetelah makan, aku membaca buku di ruang tamu sambil mendengarkan musik. Hari ini menyenangkan karena bisa makan nasi goreng buatan ibu yang lezat!',1),(5,'sia','05',11,'आमाले बनाएको फ्राइड राइस खानुहोस्','2025-03-17 16:16:15','आज मैले मेरो परिवारसँग घरमै समय बिताएँ। बिहान म आमालाई घर सफा गर्न मद्दत गर्छु। हामी सँगै बढार्छौं, कोठा सफा गर्छौं र भाँडा माझ्छौं। दिउँसोको खानामा आमाले फ्राइड राइस बनाउनुभयो। नासी गोरेङ एक इन्डोनेसियाली खाना हो जुन मसला, सोया सस र सामान्यतया अण्डा वा कुखुराको मासुसँग भुटेको भातबाट बनाइन्छ। आमाले कुखुरा र अण्डा राखेर फ्राइड राइस पकाउनुभयो। यसको गन्ध एकदमै राम्रो छ! मैले यसलाई स्वादिष्ट भएकोले खुशीसाथ खाएँ। खाना खाइसकेपछि, म बैठक कोठामा संगीत सुन्दै एउटा किताब पढें। आजको दिन एकदमै राम्रो छ किनकि म मेरी आमाले बनाएको स्वादिष्ट फ्राइड राइस खान सक्छु!',1),(6,'sia','01',1,'ひな祭り','2025-03-17 16:30:09','今日は3月3日のひな祭りでした。わが家では、おばあちゃんがひな人形をかざってくれました。ひな人形は、お内裏様とお雛様が並んでいて、とてもきれいです。ひな祭りは、女の子の成長を願う日本の伝統行事だと教わりました。夜ごはんにはちらし寿司を食べ、デザートにはひなあられを食べました。ピンクや白、緑のひなあられは、春の訪れを感じさせてくれます。来年もみんなでひな祭りをお祝いしたいです。',1),(6,'sia','01',2,'Doll\'s Festival','2025-03-17 16:30:09','Today was March 3rd, Hinamatsuri. My grandmother decorated our house with Hina dolls. The Hina dolls are lined up with the Emperor and Empress dolls, and are very beautiful. I learned that Hinamatsuri is a traditional Japanese event to pray for the growth of girls. For dinner, we had chirashi sushi, and for dessert, we had Hina arare. The pink, white, and green Hina arare make us feel the coming of spring. I hope to celebrate Hinamatsuri again next year.',1),(6,'sia','01',3,'Festival das Bonecas','2025-03-17 16:30:09','Hoje foi 3 de março, Hinamatsuri. Na minha casa, minha avó expunha as bonecas Hina. As bonecas Hina estão alinhadas com as bonecas do Imperador e da Imperatriz e são muito bonitas. Aprendi que Hinamatsuri é um evento tradicional japonês que reza pelo crescimento e desenvolvimento das meninas. No jantar, comemos sushi chirashi e, na sobremesa, hina arare. Os biscoitos de arroz Hina Arare rosa, branco e verde fazem você sentir a chegada da primavera. Espero que possamos celebrar o Hinamatsuri juntos novamente no ano que vem.',1),(6,'sia','01',4,'Festival de las Muñecas','2025-03-17 16:30:09','Hoy fue 3 de marzo, Hinamatsuri. En mi casa, mi abuela exhibía las muñecas Hina. Las muñecas Hina están alineadas con las muñecas Emperador y Emperatriz y son muy hermosas. Aprendí que Hinamatsuri es un evento tradicional japonés que reza por el crecimiento y desarrollo de las niñas. Para la cena tuvimos chirashi sushi y para el postre tuvimos hina arare. Las galletas de arroz Hina Arare de color rosa, blanco y verde te hacen sentir la llegada de la primavera. Espero que podamos celebrar todos juntos el Hinamatsuri nuevamente el año que viene.',1),(6,'sia','01',5,'女儿节','2025-03-17 16:30:09','今天是三月三日，女儿节。在我的家里，我的祖母摆放着雏人偶。雏人偶与皇帝和皇后人偶排列在一起，非常漂亮。我了解到女儿节是祈祷女孩成长发育的日本传统活动。晚餐我们吃了散寿司，甜点我们吃了雏寿司。粉色、白色和绿色的雏菊米饼让人感受到春天的到来。希望明年我们还能再次一起庆祝女儿节。',1),(6,'sia','01',6,'女兒節','2025-03-17 16:30:09','今天是三月三日，女兒節。在我的家裡，我的祖母擺放著雛人偶。雛人偶與皇帝和皇后人偶排列在一起，非常漂亮。我了解到女兒節是祈禱女孩成長發展的日本傳統活動。晚餐我們吃了散壽司，甜點我們吃了雛壽司。粉紅色、白色和綠色的雛菊米餅讓人感受到春天的到來。希望明年我們還能再次一起慶祝女兒節。',1),(6,'sia','01',7,'히나 축제','2025-03-17 16:30:09','오늘은 3월 3일의 히나마츠리였습니다. 우리 집에서는 할머니가 히나 인형을 잡았습니다. 히나 인형은 내 안쪽과 병아리가 늘어서있어 매우 깨끗합니다. 히나 축제는 소녀의 성장을 바라는 일본의 전통 행사라고 가르쳤습니다. 밤밥에는 튀김 초밥을 먹고, 디저트에는 히나아레를 먹었습니다. 핑크와 흰색, 녹색의 히나아레는 봄의 방문을 느끼게 해줍니다. 내년에도 모두 히나 축제를 축하하고 싶습니다.',1),(6,'sia','01',8,'Pagdiriwang ng Manika','2025-03-17 16:30:09','Ngayon ay ika-3 ng Marso, Hinamatsuri. Sa aking bahay, ipinakita ng aking lola ang mga manika ng Hina. Ang mga manika ng Hina ay nakahanay sa mga manika ng Emperor at Empress at napakaganda. Nalaman ko na ang Hinamatsuri ay isang tradisyonal na kaganapan sa Hapon na nagdarasal para sa paglaki at pag-unlad ng mga batang babae. For dinner we had chirashi sushi and for dessert we had hina arare. Ang pink, puti at berdeng Hina Arare rice crackers ay nagpaparamdam sa iyo ng pagdating ng tagsibol. Sana ay muli nating ipagdiwang ang Hinamatsuri sa susunod na taon.',1),(6,'sia','01',9,'Lễ hội búp bê','2025-03-17 16:30:09','Hôm nay là ngày 3 tháng 3, lễ hội Hinamatsuri. Trong nhà tôi, bà tôi trưng bày những con búp bê Hina. Những con búp bê Hina được xếp thành hàng với búp bê Hoàng đế và Hoàng hậu và trông rất đẹp. Tôi được biết rằng Hinamatsuri là một sự kiện truyền thống của Nhật Bản nhằm cầu nguyện cho sự trưởng thành và phát triển của các bé gái. Bữa tối chúng tôi ăn chirashi sushi và món tráng miệng là hina arare. Những chiếc bánh gạo Hina Arare màu hồng, trắng và xanh lá cây khiến bạn cảm nhận được mùa xuân đang đến. Tôi hy vọng chúng ta có thể cùng nhau đón lễ hội Hinamatsuri vào năm sau.',1),(6,'sia','01',10,'Festival Boneka','2025-03-17 16:30:09','Hari ini tanggal 3 Maret, Hinamatsuri. Di rumah saya, nenek saya memajang boneka Hina. Boneka Hina disandingkan dengan boneka Kaisar dan Permaisuri dan sangat cantik. Saya mengetahui bahwa Hinamatsuri adalah acara tradisional Jepang yang berdoa untuk pertumbuhan dan perkembangan anak perempuan. Untuk makan malam kami menyantap chirashi sushi dan untuk hidangan penutup kami menyantap hina arare. Kerupuk beras Hina Arare berwarna merah muda, putih dan hijau membuat Anda merasakan datangnya musim semi. Saya harap kita semua dapat merayakan Hinamatsuri bersama lagi tahun depan.',1),(6,'sia','01',11,'पुतली महोत्सव','2025-03-17 16:30:09','आज मार्च ३ थियो, हिनामात्सुरी। मेरो घरमा, मेरी हजुरआमाले हिना पुतलीहरू प्रदर्शन गर्नुभयो। हिना पुतलीहरू सम्राट र महारानी पुतलीहरूसँग लाइनमा छन् र धेरै सुन्दर छन्। मैले थाहा पाएँ कि हिनामात्सुरी एक परम्परागत जापानी कार्यक्रम हो जसले केटीहरूको वृद्धि र विकासको लागि प्रार्थना गर्छ। बेलुकाको खानामा हामीले चिराशी सुशी खायौं र मिठाईमा हिना अरारे खायौं। गुलाबी, सेतो र हरियो हिना अरारे चामलका क्र्याकरहरूले तपाईंलाई वसन्तको आगमनको अनुभूति गराउँछन्। मलाई आशा छ कि हामी सबैले अर्को वर्ष फेरि हिनामात्सुरी मनाउन सक्छौं।',1);
/*!40000 ALTER TABLE `multilingual_diary` ENABLE KEYS */;
UNLOCK TABLES;

--
-- Table structure for table `multilingual_quiz`
--

DROP TABLE IF EXISTS `multilingual_quiz`;
/*!40101 SET @saved_cs_client     = @@character_set_client */;
/*!40101 SET character_set_client = utf8 */;
CREATE TABLE `multilingual_quiz` (
  `quiz_id` int NOT NULL,
  `diary_id` int NOT NULL,
  `language_id` int NOT NULL,
  `question` text NOT NULL,
  `correct` char(1) NOT NULL,
  `a` text NOT NULL,
  `b` text NOT NULL,
  `c` text NOT NULL,
  `d` text NOT NULL,
  PRIMARY KEY (`quiz_id`,`diary_id`,`language_id`),
  KEY `language_id` (`language_id`),
  KEY `diary_id` (`diary_id`),
  CONSTRAINT `multilingual_quiz_ibfk_1` FOREIGN KEY (`language_id`) REFERENCES `language` (`language_id`),
  CONSTRAINT `multilingual_quiz_ibfk_2` FOREIGN KEY (`diary_id`) REFERENCES `diary` (`diary_id`)
) ENGINE=InnoDB DEFAULT CHARSET=utf8mb4 COLLATE=utf8mb4_0900_ai_ci;
/*!40101 SET character_set_client = @saved_cs_client */;

--
-- Dumping data for table `multilingual_quiz`
--

LOCK TABLES `multilingual_quiz` WRITE;
/*!40000 ALTER TABLE `multilingual_quiz` DISABLE KEYS */;
INSERT INTO `multilingual_quiz` VALUES (1,1,1,'「お花見」はどの季節に行われる行事ですか？','4','夏','秋','冬','春'),(1,1,2,'In what season does the cherry blossom viewing event take place?','4','summer','autumn','winter','spring'),(1,1,3,'Em que estação ocorre o evento de observação das flores de cerejeira?','4','verão','outono','inverno','primavera'),(1,1,4,'¿En qué temporada se lleva a cabo el evento de observación de los cerezos en flor?','4','verano','otoño','invierno','primavera'),(1,1,5,'赏樱活动在什么季节举行？','4','夏天','秋天','冬天','春天'),(1,1,6,'賞櫻活動在什麼季節舉行？','4','夏天','秋天','冬天','春天'),(1,1,7,'「꽃놀이」는 어느 계절에 행해지는 행사입니까?','4','여름','가을','겨울','봄'),(1,1,8,'Sa anong season nagaganap ang cherry blossom viewing event?','4','tag-init','taglagas','taglamig','tagsibol'),(1,1,9,'Sự kiện ngắm hoa anh đào diễn ra vào mùa nào?','4','mùa hè','mùa thu','mùa đông','mùa xuân'),(1,1,10,'Pada musim apa acara melihat bunga sakura berlangsung?','4','musim panas','musim gugur','musim dingin','musim semi'),(1,1,11,'चेरी ब्लासम हेर्ने कार्यक्रम कुन ऋतुमा हुन्छ?','4','गर्मी','शरद ऋतु','जाडो','वसन्त'),(1,2,1,'日記作成者はどの教科のテストで100点を取りましたか？','2','国語','算数','理科','社会'),(1,2,2,'In which subject did the diary writer get a perfect score on the test?','2','national language','arithmetic','science','society'),(1,2,3,'Em qual matéria o escritor do diário obteve nota máxima no teste?','2','língua nacional','aritmética','ciência','sociedade'),(1,2,4,'¿En qué materia el escritor del diario obtuvo una puntuación perfecta en el examen?','2','idioma nacional','aritmética','ciencia','sociedad'),(1,2,5,'日记作者在哪一门科目考试中获得了满分？','2','国语','算术','科学','社会'),(1,2,6,'日記作者在哪一科考試中獲得了滿分？','2','國語','算術','科學','社會'),(1,2,7,'일기 작성자는 어떤 교과 시험에서 100점을 받았습니까?','2','국어','산수','이과','사회'),(1,2,8,'Saang paksa nakakuha ng perpektong marka ang manunulat ng talaarawan sa pagsusulit?','2','wikang pambansa','aritmetika','agham','lipunan'),(1,2,9,'Người viết nhật ký đã đạt điểm tuyệt đối ở môn nào trong bài kiểm tra?','2','ngôn ngữ quốc gia','số học','khoa học','xã hội'),(1,2,10,'Pada mata pelajaran apa penulis buku harian tersebut mendapat nilai sempurna dalam ujian?','2','Bahasa nasional','hitung','sains','masyarakat'),(1,2,11,'डायरी लेखकले कुन विषयमा परीक्षामा उत्तम अंक प्राप्त गरे?','2','राष्ट्रिय भाषा','अंकगणित','विज्ञान','समाज'),(1,3,1,'インドネシアの学校での休み時間の遊びとして最も人気があるものの一つは何ですか？','3','なわとび','サッカー','おにごっこ','バスケットボール'),(1,3,2,'What is one of the most popular recess activities in Indonesian schools?','3','Skipping rope','soccer','Tag','basketball'),(1,3,3,'Qual é uma das atividades de recreio mais populares nas escolas da Indonésia?','3','Pular corda','futebol','Marcação','basquetebol'),(1,3,4,'¿Cuál es una de las actividades de recreo más populares en las escuelas de Indonesia?','3','Saltar la cuerda','fútbol','Etiqueta','baloncesto'),(1,3,5,'印度尼西亚学校最受欢迎的课间活动之一是什么？','3','跳绳','足球','标签','篮球'),(1,3,6,'印尼學校最受歡迎的課間活動之一是什麼？','3','跳繩','足球','標籤','籃球'),(1,3,7,'인도네시아의 학교에서 쉬는 시간의 놀이로 가장 인기있는 것 중 하나는 무엇입니까?','3','줄넘기','축구','오니고코','농구'),(1,3,8,'Ano ang isa sa pinakasikat na aktibidad ng recess sa mga paaralan sa Indonesia?','3','Paglukso ng lubid','soccer','Tag','basketball'),(1,3,9,'Một trong những hoạt động giải lao phổ biến nhất ở các trường học Indonesia là gì?','3','Nhảy dây','bóng đá','Nhãn','bóng rổ'),(1,3,10,'Apa salah satu kegiatan istirahat yang paling populer di sekolah-sekolah Indonesia?','3','Lompat tali','sepak bola','Menandai','bola basket'),(1,3,11,'इन्डोनेसियाली विद्यालयहरूमा सबैभन्दा लोकप्रिय बिदा गतिविधिहरू मध्ये एक के हो?','3','डोरी स्किपिङ','फुटबल','ट्याग','बास्केटबल'),(1,4,1,'日本では運動会のおべんとうに定番なおかずとして人気の「からあげ」を英語でひょうげんするとどれですか？','2','Sautéed chicken','Fried chicken','Boiled chicken','Steamed chicken'),(1,4,2,'What is the English word for fried chicken, a popular side dish in bento lunches at sports days in Japan?','2','Sautéed chicken','Fried chicken','Boiled chicken','Steamed chicken'),(1,4,3,'Qual é a palavra em inglês para frango frito, um acompanhamento popular em almoços bento em dias de esportes no Japão?','2','Frango salteado','Frango frito','Frango cozido','Frango cozido no vapor'),(1,4,4,'¿Cuál es la palabra en inglés para pollo frito, un acompañamiento popular en los almuerzos bento en los días deportivos en Japón?','2','Pollo salteado','Pollo frito','Pollo hervido','Pollo al vapor'),(1,4,5,'日本运动会便当的配菜中，炸鸡很受欢迎，它的英文单词是什么？','2','炒鸡','炸鸡','水煮鸡','蒸鸡'),(1,4,6,'在日本運動會便當的配菜中，炸雞很受歡迎，它的英文單字是什麼？','2','炒雞','炸雞','水煮雞','蒸雞'),(1,4,7,'일본에서는 운동회의 도시락에 스테디셀러 반찬으로서 인기의 「가라아게」를 영어로 표현하면 어느 것입니까?','2','Sautéed chicken','Fried chicken','Boiled chicken','Steamed chicken'),(1,4,8,'Ano ang English na salita para sa fried chicken, isang sikat na side dish sa mga bento lunch sa mga araw ng palakasan sa Japan?','2','Inihaw na manok','pritong manok','pinakuluang manok','Pinasingaw na manok'),(1,4,9,'Từ tiếng Anh nào dùng để chỉ gà rán, một món ăn kèm phổ biến trong hộp cơm bento vào các ngày hội thể thao ở Nhật Bản?','2','Gà xào','Gà rán','Gà luộc','Gà hấp'),(1,4,10,'Apa bahasa Inggris untuk ayam goreng, lauk populer dalam bekal makan siang bento pada hari olahraga di Jepang?','2','Ayam tumis','Ayam goreng','Ayam rebus','Ayam kukus'),(1,4,11,'जापानमा खेलकुद दिवसहरूमा बेन्टो लंचमा लोकप्रिय साइड डिश, फ्राइड चिकेनको लागि अंग्रेजी शब्द के हो?','2','भुटेको कुखुरा','फ्राइड कुखुरा','उमालेको कुखुरा','उमालेको कुखुरा'),(1,5,1,'「nasi goreng」はどの国の料理ですか？','3','中国','マレーシア','インドネシア','タイ'),(1,5,2,'What country is \"nasi goreng\" from?','3','China','Malaysia','Indonesia','Thailand'),(1,5,3,'De que país é \"nasi goreng\"?','3','China','Malásia','Indonésia','Tailândia'),(1,5,4,'¿De qué país es el \"nasi goreng\"?','3','Porcelana','Malasia','Indonesia','Tailandia'),(1,5,5,'“nasi goreng” 是哪个国家的？','3','中国','马来西亚','印度尼西亚','泰国'),(1,5,6,'“nasi goreng” 是哪個國家的？','3','中國','馬來西亞','印尼','泰國'),(1,5,7,'\"nasi goreng\"은 어느 나라의 요리입니까?','3','중국','말레이시아','인도네시아','태국'),(1,5,8,'Saang bansa galing ang \"nasi goreng\"?','3','Tsina','Malaysia','Indonesia','Thailand'),(1,5,9,'\"Nasi goreng\" có nguồn gốc từ nước nào?','3','Trung Quốc','Mã Lai','Indonesia','Thái Lan'),(1,5,10,'\"Nasi goreng\" berasal dari negara mana?','3','Cina','Malaysia','Indonesia','Thailand'),(1,5,11,'\"नासी गोरेङ\" कुन देशको हो?','3','चीन','मलेसिया','इन्डोनेसिया','थाइल्याण्ड'),(1,6,1,'ひな祭りにかざられるひな人形の中で、最じょうだんに置かれるふたりの人形はだれを表していますか？','2','王子様と王女様','おだいりさまとおひなさま','神様と天使','さむらいとにんじゃ'),(1,6,2,'Among the dolls displayed during Hinamatsuri, who do the two dolls placed on the top tier represent?','2','Prince and Princess','The Emperor and Empress','Gods and Angels','Samurai and Ninja'),(1,6,3,'Entre as bonecas exibidas durante o Hinamatsuri, quem as duas bonecas colocadas na camada superior representam?','2','Príncipe e Princesa','O Imperador e a Imperatriz','Deuses e Anjos','Samurais e Ninjas'),(1,6,4,'Entre las muñecas exhibidas durante el Hinamatsuri, ¿a quién representan las dos muñecas colocadas en el nivel superior?','2','Príncipe y princesa','El Emperador y la Emperatriz','Dioses y ángeles','Samuráis y ninjas'),(1,6,5,'女儿节摆放的人偶中，最上层的两个人偶代表谁？','2','王子与公主','皇帝与皇后','神与天使','武士与忍者'),(1,6,6,'女兒節擺放的人偶中，最上層的兩個人偶代表誰？','2','王子與公主','皇帝與皇后','神與天使','武士與忍者'),(1,6,7,'히나 마츠리에 장식 된 히나 인형 중에서 최상단에 놓인 두 인형은 누구를 나타냅니다?','2','왕자님과 공주님','안쪽과 병아리','하나님과 천사','사무라이와 닌자'),(1,6,8,'Sa mga manika na ipinakita sa panahon ng Hinamatsuri, sino ang kinakatawan ng dalawang manika na nakalagay sa itaas na baitang?','2','Prinsipe at Prinsesa','Ang Emperador at Empress','Mga Diyos at Anghel','Samurai at Ninja'),(1,6,9,'Trong số những con búp bê được trưng bày trong lễ hội Hinamatsuri, hai con búp bê được đặt ở tầng trên cùng tượng trưng cho ai?','2','Hoàng tử và công chúa','Hoàng đế và Hoàng hậu','Các vị thần và thiên thần','Samurai và Ninja'),(1,6,10,'Di antara boneka-boneka yang dipajang selama Hinamatsuri, dua boneka yang diletakkan di tingkat paling atas melambangkan siapa?','2','Pangeran dan Putri','Kaisar dan Permaisuri','Dewa dan Malaikat','Samurai dan Ninja'),(1,6,11,'हिनामात्सुरीको समयमा प्रदर्शन गरिएका पुतलीहरू मध्ये, माथिल्लो तहमा राखिएका दुई पुतलीहरूले कसलाई प्रतिनिधित्व गर्छन्?','2','राजकुमार र राजकुमारी','सम्राट र महारानी','देवता र स्वर्गदूतहरू','समुराई र निन्जा'),(2,1,1,'日本の「もののあわれ」とは何を指しますか？','2','自然のもうい','いっしゅんの美しさとむじょうを感じる心','物事のほんしつをみぬく目','家族のきずなを大切にする心'),(2,1,2,'What does the Japanese term \"mono no aware\" refer to?','2','The Forces of Nature','A heart that senses the beauty and impermanence of a moment','The ability to see the essence of things','Cherishing family ties'),(2,1,3,'A que se refere o termo japonês \"mono no aware\"?','2','As Forças da Natureza','Um coração que sente a beleza e a impermanência de um momento','A capacidade de ver a essência das coisas','Valorizando os laços familiares'),(2,1,4,'¿A qué se refiere el término japonés “mono no awareness”?','2','Las fuerzas de la naturaleza','Un corazón que siente la belleza y la impermanencia de un momento.','La capacidad de ver la esencia de las cosas.','Apreciando los lazos familiares'),(2,1,5,'日语“物哀”是什么意思？','2','自然之力','一颗感受瞬间美丽与无常的心','洞察事物本质的能力','珍惜家庭纽带'),(2,1,6,'日文「物哀」是什麼意思？','2','自然之力','一顆感受瞬間美麗與無常的心','洞悉事物本質的能力','家庭關係的重要性'),(2,1,7,'일본의 \'물건의 아들\'이란 무엇을 의미합니까?','2','자연의 맹위','순간의 아름다움과 무상을 느끼는 마음','사물의 본질을 간파하는 눈','가족의 유대를 소중히 여기는 마음'),(2,1,8,'Ano ang tinutukoy ng salitang Hapones na \"mono no aware\"?','2','Ang Lakas ng Kalikasan','Isang puso na nararamdaman ang kagandahan at impermanence ng isang sandali','Ang kakayahang makita ang kakanyahan ng mga bagay','Pinahahalagahan ang ugnayan ng pamilya'),(2,1,9,'Thuật ngữ \"mono no aware\" trong tiếng Nhật có nghĩa là gì?','2','Các lực lượng của thiên nhiên','Một trái tim cảm nhận được vẻ đẹp và sự vô thường của khoảnh khắc','Khả năng nhìn thấy bản chất của sự vật','Trân trọng mối quan hệ gia đình'),(2,1,10,'Apa yang dimaksud dengan istilah Jepang \"mono no aware\"?','2','Kekuatan Alam','Hati yang merasakan keindahan dan ketidakkekalan suatu momen','Kemampuan untuk melihat hakikat segala sesuatu','Pentingnya ikatan keluarga'),(2,1,11,'जापानी शब्द \"मोनो नो अवेयर\" ले केलाई जनाउँछ?','2','प्रकृतिको शक्तिहरू','एउटा हृदय जसले क्षणको सुन्दरता र नश्वरता महसुस गर्छ','चीजहरूको सार हेर्ने क्षमता','पारिवारिक सम्बन्धको कदर गर्दै'),(2,2,1,'インドネシアのでんとうてきな正月のお祝いでよく食べられる料理は何ですか？','3','ピザ','ケバブ','ナシトゥンペン','すし'),(2,2,2,'What are some of the most popular dishes during traditional Indonesian New Year celebrations?','3','pizza','kebab','Nasi Tumpeng','sushi'),(2,2,3,'Quais são alguns dos pratos mais populares durante as celebrações tradicionais do Ano Novo na Indonésia?','3','pizza','Churrasquinho','Nasi Tumpeng','sushi'),(2,2,4,'¿Cuáles son algunos de los platos más populares durante las celebraciones tradicionales del Año Nuevo indonesio?','3','pizza','brocheta','Nasi Tumpeng','sushi'),(2,2,5,'印尼传统新年庆祝活动期间最受欢迎的菜肴有哪些？','3','比萨','烤肉串','椰浆饭','寿司'),(2,2,6,'印尼傳統新年慶祝活動期間最受歡迎的菜餚有哪些？','3','披薩','烤肉串','椰漿飯','壽司'),(2,2,7,'인도네시아의 전통적인 새해 축하에서 자주 먹을 수 있는 요리는 무엇입니까?','3','피자','케밥','나시툰펜','스시'),(2,2,8,'Ano ang ilan sa mga pinakasikat na pagkain sa tradisyonal na pagdiriwang ng Bagong Taon ng Indonesia?','3','pizza','kebab','Nasi Tumpeng','sushi'),(2,2,9,'Một số món ăn phổ biến nhất trong lễ mừng năm mới truyền thống của Indonesia là gì?','3','bánh pizza','thịt nướng','Cơm chiên Tumpeng','món sushi'),(2,2,10,'Apa saja hidangan paling populer saat perayaan Tahun Baru tradisional Indonesia?','3','pizza','kebab','Nasi Tumpeng','sushi'),(2,2,11,'परम्परागत इन्डोनेसियाली नयाँ वर्षको उत्सवमा सबैभन्दा लोकप्रिय परिकारहरू के के हुन्?','3','पिज्जा','कबाब','नासी तुम्पेङ','सुशी'),(2,3,1,'インドネシアで使われる「bersembunyi」という言葉は、どんな行動を意味しますか？','2','走る','かくれる','飛ぶ','スイミング'),(2,3,2,'What action does the Indonesian word \"bersembunyi\" refer to?','2','run','hide','jump','Swimming'),(2,3,3,'A que ação a palavra indonésia \"bersembunyi\" se refere?','2','correr','esconder','pular','Natação'),(2,3,4,'¿A qué acción se refiere la palabra indonesia \"bersembunyi\"?','2','correr','esconder','saltar','Nadar'),(2,3,5,'印尼语“bersembunyi”指的是什么动作？','2','跑步','隐藏','跳','游泳'),(2,3,6,'印尼語“bersembunyi”指的是什麼動作？','2','跑步','隱藏','跳','游泳'),(2,3,7,'인도네시아에서 사용되는 \"bersembunyi\"라는 단어는 어떤 행동을 의미합니까?','2','달리다','숨기다','날다','수영'),(2,3,8,'Anong aksyon ang tinutukoy ng salitang Indonesian na \"bersembunyi\"?','2','tumakbo','itago','tumalon','Lumalangoy'),(2,3,9,'Từ \"bersembunyi\" trong tiếng Indonesia ám chỉ hành động nào?','2','chạy','trốn','nhảy','Bơi lội'),(2,3,10,'Tindakan apakah yang dimaksud dengan kata \"bersembunyi\" dalam bahasa Indonesia?','2','berlari','bersembunyi','melompat','Renang'),(2,3,11,'इन्डोनेसियाली शब्द \"bersembunyi\" ले कुन कार्यलाई जनाउँछ?','2','दौडनु','लुकाउनुहोस्','हाम फाल्नु','पौडी खेल्ने'),(2,4,1,'「バトンをわたす」というひょうげんは、次のスポーツのどれに関連していますか？','4','バスケットボール','サッカー','テニス','リレー'),(2,4,2,'The expression \"passing the baton\" is associated with which of the following sports?','4','basketball','soccer','tennis','relay'),(2,4,3,'A expressão \"passar o bastão\" está associada a qual dos seguintes esportes?','4','basquetebol','futebol','tênis','retransmissão'),(2,4,4,'¿Con cuál de los siguientes deportes se asocia la expresión \"pasar el testigo\"?','4','baloncesto','fútbol','tenis','relé'),(2,4,5,'“传递接力棒”这个表达与下列哪项运动有关？','4','篮球','足球','网球','中继'),(2,4,6,'「傳遞接力棒」這個表達與下列哪一項運動有關？','4','籃球','足球','網球','中繼'),(2,4,7,'\'배턴 전달\'이라는 표현은 다음 스포츠 중 어느 것과 관련이 있습니까?','4','농구','축구','테니스','릴레이'),(2,4,8,'Ang ekspresyong \"pagpasa ng baton\" ay nauugnay sa alin sa mga sumusunod na palakasan?','4','basketball','soccer','tennis','relay'),(2,4,9,'Thành ngữ \"truyền gậy\" có liên quan đến môn thể thao nào sau đây?','4','bóng rổ','bóng đá','quần vợt','tiếp sức'),(2,4,10,'Ungkapan \"passing the baton\" dikaitkan dengan olahraga yang mana berikut ini?','4','bola basket','sepak bola','tenis','menyampaikan'),(2,4,11,'\"ब्याटन पास गर्नु\" भन्ने अभिव्यक्ति तलका मध्ये कुन खेलसँग सम्बन्धित छ?','4','बास्केटबल','फुटबल','टेनिस','रिले'),(2,5,1,'日記によれば、日記作成者が一番楽しかったことは何ですか？','3','新しいえいがを見る','アウトドアでの活動','母の作った「nasi goreng」を食べる','絵をかく'),(2,5,2,'According to the diary, what did the diarist enjoy most?','3','Watch new movies','Outdoor Activities','Eating \"nasi goreng\" made by my mother','Draw a picture'),(2,5,3,'De acordo com o diário, o que o diarista mais gostava?','3','Assistir novos filmes','Atividades ao ar livre','Comendo \"nasi goreng\" feito pela minha mãe','Desenhe uma imagem'),(2,5,4,'Según el diario, ¿qué fue lo que más le gustó al diarista?','3','Ver películas nuevas','Actividades al aire libre','Comiendo \"nasi goreng\" hecho por mi madre','Dibuja una imagen'),(2,5,5,'根据日记，日记作者最喜欢的事情是什么？','3','观看新电影','户外活动','吃妈妈做的炒饭','画一幅画'),(2,5,6,'根據日記，日記作者最喜歡的是什麼？','3','觀看新電影','戶外活動','吃媽媽做的炒飯','畫一幅畫'),(2,5,7,'일기에 따르면, 일기 작성자가 가장 즐거웠던 것은 무엇입니까?','3','새로운 영화 보기','야외 활동','어머니가 만든 \'나시 고렌\'을 먹는다','그림 그리기'),(2,5,8,'Ayon sa talaarawan, ano ang higit na ikinatuwa ng diarist?','3','Manood ng mga bagong pelikula','Mga Gawaing Panlabas','Kumakain ng \"nasi goreng\" na gawa ng nanay ko','Gumuhit ng larawan'),(2,5,9,'Theo nhật ký, điều gì khiến người viết nhật ký thích thú nhất?','3','Xem phim mới','Hoạt động ngoài trời','Ăn \"nasi goreng\" do mẹ tôi làm','Vẽ một bức tranh'),(2,5,10,'Menurut buku harian, apa yang paling dinikmati oleh penulis buku harian tersebut?','3','Tonton film baru','Aktivitas Luar Ruangan','Makan nasi goreng buatan ibuku','Menggambar'),(2,5,11,'डायरी अनुसार, डायरीकारलाई सबैभन्दा बढी के मन पर्थ्यो?','3','नयाँ चलचित्रहरू हेर्नुहोस्','बाहिरी गतिविधिहरू','आमाले बनाएको \"नासी गोरेङ\" खाँदै','चित्र कोर्नुहोस्'),(2,6,1,'日本のひな祭りで食べられる「ひなあられ」の主な色の組み合わせはどれですか？','3','赤と青','黄と黒','ピンクと白と緑','むらさきとオレンジ'),(2,6,2,'What is the main color combination of \"hina arare\" eaten on the Japanese Doll\'s Festival?','3','Red and Blue','Yellow and black','Pink and white and green','Purple and Orange'),(2,6,3,'Qual é a principal combinação de cores do \"hina arare\" consumido no Festival de Bonecas Japonesas?','3','Vermelho e Azul','Amarelo e preto','Rosa e branco e verde','Roxo e Laranja'),(2,6,4,'¿Cuál es la principal combinación de colores del \"hina arare\" que se come en el Festival de las Muñecas Japonesas?','3','Rojo y azul','Amarillo y negro','Rosa y blanco y verde','Púrpura y naranja'),(2,6,5,'日本女儿节吃的“雏菊花环”的主要颜色组合是什么？','3','红色和蓝色','黄色和黑色','粉色、白色和绿色','紫色和橙色'),(2,6,6,'日本女兒節吃的「雛菊花環」的主要顏色組合是什麼？','3','紅色和藍色','黃色和黑色','粉紅色、白色和綠色','紫色和橙色'),(2,6,7,'일본의 히나마츠리에서 먹을 수 있는 「히나아레」의 주된 색의 조합은 어느 것입니까?','3','빨간색과 파란색','노란색과 검은색','분홍색과 흰색과 녹색','보라색과 오렌지'),(2,6,8,'Ano ang pangunahing kumbinasyon ng kulay ng \"hina arare\" na kinakain sa Japanese Doll\'s Festival?','3','Pula at Asul','Dilaw at itim','Pink at puti at berde','Lila at Kahel'),(2,6,9,'Sự kết hợp màu sắc chính của món \"hina arare\" được ăn trong Lễ hội búp bê Nhật Bản là gì?','3','Đỏ và Xanh','Vàng và đen','Hồng, trắng và xanh lá cây','Màu tím và cam'),(2,6,10,'Apa kombinasi warna utama \"hina arare\" yang dimakan pada Festival Boneka Jepang?','3','Merah dan Biru','Kuning dan hitam','Merah muda dan putih dan hijau','Ungu dan Oranye'),(2,6,11,'जापानी गुडिया महोत्सवमा खाइने \"हिना अरारे\" को मुख्य रंग संयोजन के हो?','3','रातो र निलो','पहेंलो र कालो','गुलाबी र सेतो र हरियो','बैजनी र सुन्तला'),(3,1,1,'日本における春の代表的な花は何ですか？','2','梅','さくら','きく','ふじ'),(3,1,2,'What is the most representative flower of spring in Japan?','2','plum','cherry blossoms','chrysanthemum','Wisteria'),(3,1,3,'Qual é a flor mais representativa da primavera no Japão?','2','ameixa','flores de cerejeira','crisântemo','Glicínia'),(3,1,4,'¿Cuál es la flor más representativa de la primavera en Japón?','2','ciruela','flores de cerezo','crisantemo','Glicina'),(3,1,5,'日本春天最具代表性的花是什么？','2','李子','樱花','菊花','紫藤'),(3,1,6,'日本春天最具代表性的花是什麼？','2','李子','櫻花','菊花','紫藤'),(3,1,7,'일본에서 봄의 대표적인 꽃은 무엇입니까?','2','매화','벚꽃','국화','등나무'),(3,1,8,'Ano ang pinakakinakatawan na bulaklak ng tagsibol sa Japan?','2','plum','cherry blossoms','krisantemo','Wisteria'),(3,1,9,'Loài hoa tiêu biểu nhất của mùa xuân ở Nhật Bản là gì?','2','mận','hoa anh đào','hoa cúc','Hoa tử đằng'),(3,1,10,'Apa bunga musim semi yang paling mewakili Jepang?','2','prem','bunga sakura','krisan','Bunga wisteria'),(3,1,11,'जापानमा वसन्त ऋतुको सबैभन्दा प्रतिनिधि फूल कुन हो?','2','आलुबखडा','चेरी फूलहरू','गुलदाउदी','विस्टेरिया'),(3,2,1,'インドネシアの国民的ないしょうを何とよびますか？','3','キモノ','パンジャビ','バティック','チャイナドレス'),(3,2,2,'What is the Indonesian national costume called?','3','Kimono','Punjabi','Batik','Chinese dress'),(3,2,3,'Como é chamado o traje nacional da Indonésia?','3','Quimono','Português','Batik','Vestido chinês'),(3,2,4,'¿Cómo se llama el traje nacional de Indonesia?','3','Kimono','punjabi','Batik','vestido chino'),(3,2,5,'印度尼西亚的民族服装叫什么？','3','和服','旁遮普语','蜡染','中式礼服'),(3,2,6,'印尼的民族服裝叫什麼？','3','和服','旁遮普語','蠟染','中式禮服'),(3,2,7,'인도네시아의 국민 의상을 무엇이라고 부릅니까?','3','기모노','펀자비','바틱','중국 드레스'),(3,2,8,'Ano ang tawag sa pambansang kasuotan ng Indonesia?','3','Kimono','Punjabi','Batik','damit na Intsik'),(3,2,9,'Trang phục dân tộc của Indonesia được gọi là gì?','3','Kimono','Tiếng Punjab','Vải batik','trang phục Trung Quốc'),(3,2,10,'Apa nama pakaian nasional Indonesia?','3','Kimono','Bahasa Punjab','Batik','pakaian cina'),(3,2,11,'इन्डोनेसियाको राष्ट्रिय पोशाकलाई के भनिन्छ?','3','किमोनो','पञ्जाबी','बाटिक','चिनियाँ पोशाक'),(3,3,1,'「tersembunyi」は日本語のどのじょうたいを表すでしょうか？','2','明らかな','かくされた','走る','すわる'),(3,3,2,'What state does \"tersembunyi\" express in Japanese?','2','Obvious','Hidden','run','sit'),(3,3,3,'Que estado \"tersembunyi\" expressa em japonês?','2','Óbvio','Escondido','correr','sentar'),(3,3,4,'¿Qué estado expresa \"tersembunyi\" en japonés?','2','Obvio','Oculto','correr','sentarse'),(3,3,5,'日语中的“tersembunyi”表达什么状态？','2','明显的','隐','跑步','坐'),(3,3,6,'日文中的「tersembunyi」表達什麼狀態？','2','明顯的','隱','跑步','坐'),(3,3,7,'\"tersembunyi\"는 일본어의 어떤 상태를 나타내는가?','2','명백한','숨겨진','달리다','앉다'),(3,3,8,'Anong estado ang ipinahahayag ng \"tersembunyi\" sa Japanese?','2','Obvious naman','Nakatago','tumakbo','umupo'),(3,3,9,'\"tersembunyi\" trong tiếng Nhật diễn tả trạng thái gì?','2','Rõ ràng','Ẩn giấu','chạy','ngồi'),(3,3,10,'Keadaan apa yang diungkapkan \"tersembunyi\" dalam bahasa Jepang?','2','Jelas','Tersembunyi','berlari','duduk'),(3,3,11,'जापानी भाषामा \"tersembunyi\" ले कुन अवस्थालाई जनाउँछ?','2','स्पष्ट','लुकेको','दौडनु','बस्नु'),(3,4,1,'「全力で走る」の意味に最も近いことわざは日本語で次のうちどれですか？','4','石の上にも三年','千里の道も一歩から','七転び八起き','ちょとつもうしん'),(3,4,2,'Which of the following Japanese proverbs is closest to the meaning of \"run with all your might\"?','4','Three Years on a Rock','A journey of a thousand miles begins with a single step','Fall down seven times, get up eight','Headstrong'),(3,4,3,'Qual dos seguintes provérbios japoneses se aproxima mais do significado de \"correr com todas as suas forças\"?','4','Três anos em uma rocha','Uma jornada de mil milhas começa com um único passo','Caia sete vezes, levante-se oito','Teimoso'),(3,4,4,'¿Cuál de los siguientes proverbios japoneses se acerca más al significado de \"corre con todas tus fuerzas\"?','4','Tres años en una roca','Un viaje de mil millas comienza con un solo paso.','Caer siete veces, levantarse ocho','Voluntarioso'),(3,4,5,'以下哪一句日语谚语与“拼尽全力奔跑”的含义最接近？','4','三年磨一剑','千里之行，始于足下','跌倒七次，站起来八次','任性'),(3,4,6,'下列哪一句日文諺語與「拼盡全力奔跑」的意思最接近？','4','三年磨一劍','千里之行，始於足下','跌倒七次，站起來八次','任性'),(3,4,7,'「전력으로 달린다」의 의미에 가장 가까운 속담은 일본어로 다음 중 어느 것입니까?','4','돌 위에도 3년','천리의 길도 한 걸음부터','일곱 굴림 팔기','이돌 맹진'),(3,4,8,'Alin sa mga sumusunod na salawikain ng Hapon ang pinakamalapit sa kahulugan ng \"tumakbo nang buong lakas\"?','4','Tatlong Taon sa Isang Bato','Ang paglalakbay ng isang libong milya ay nagsisimula sa isang hakbang','Bumagsak ng pitong beses, bumangon ng walo','Matigas ang ulo'),(3,4,9,'Trong các câu tục ngữ Nhật Bản sau đây, câu nào gần nghĩa nhất với câu \"chạy hết sức mình\"?','4','Ba năm trên một tảng đá','Hành trình ngàn dặm bắt đầu bằng một bước chân','Ngã bảy lần, đứng dậy tám lần','Bướng bỉnh'),(3,4,10,'Peribahasa Jepang berikut manakah yang paling mendekati makna \"berlari sekuat tenaga\"?','4','Tiga Tahun di Atas Batu','Perjalanan sejauh seribu mil dimulai dengan satu langkah','Jatuh tujuh kali, bangkit delapan kali','Keras kepala'),(3,4,11,'तलका मध्ये कुन जापानी उखान \"सबै शक्ति लगाएर दौड\" को अर्थसँग मिल्दोजुल्दो छ?','4','तीन वर्ष चट्टानमा','हजार माइलको यात्रा एक पाइलाबाट सुरु हुन्छ।','सात पटक लड, आठ पटक उठ','जिद्दी'),(3,5,1,'日記のないようから考えて、この日の天気について書かれていないが、どんな活動をしていたので天気が良かったかのうせいがあるか？','3','雪がふっていた','あらしがあった','晴れていた','雨がふっていた'),(3,5,2,'Considering the contents of the diary, there is no mention of the weather on this day, but what activities were carried out that could have led to good weather?','3','Snow was falling','There was a storm','It was sunny','It was raining'),(3,5,3,'Considerando o conteúdo do diário, não há menção ao clima naquele dia, mas quais atividades foram realizadas que poderiam ter levado ao bom tempo?','3','A neve estava caindo','Houve uma tempestade','Estava ensolarado','Estava chovendo'),(3,5,4,'Teniendo en cuenta el contenido del diario, no se menciona el tiempo que hacía ese día, pero ¿qué actividades se llevaron a cabo que pudieran haber propiciado el buen tiempo?','3','Estaba nevando','Hubo una tormenta','Estaba soleado','Estaba lloviendo'),(3,5,5,'从日记的内容来看，没有提到当天的天气，但是进行了哪些活动可能带来好天气呢？','3','雪花飘落','有一场暴风雨','天气晴朗','当时下着雨'),(3,5,6,'從日記的內容來看，沒有提到當天的天氣，但是進行了哪些活動可能帶來好天氣呢？','3','雪花飄落','有一場暴風雨','天氣晴朗','當時下著雨'),(3,5,7,'일기의 내용으로부터 생각해, 이 날의 날씨에 대해서 쓰여지지 않았지만, 어떤 활동을 하고 있었기 때문에 날씨가 좋았을 가능성이 있는가?','3','눈이 내리고 있었다','폭풍이 있었다.','맑은','비가 내리고 있었다'),(3,5,8,'Kung isasaalang-alang ang nilalaman ng talaarawan, walang binanggit na lagay ng panahon sa araw na ito, ngunit anong mga aktibidad ang isinagawa na maaaring humantong sa magandang panahon?','3','Ang snow ay bumabagsak','Nagkaroon ng bagyo','Maaraw noon','Umuulan noon'),(3,5,9,'Xem xét nội dung của nhật ký, không có đề cập nào đến thời tiết vào ngày này, nhưng những hoạt động nào đã được thực hiện để có thể dẫn đến thời tiết tốt?','3','Tuyết đang rơi','Có một cơn bão','Trời nắng','Trời đang mưa'),(3,5,10,'Menilik isi catatan harian, tidak disebutkan mengenai cuaca pada hari tersebut, tetapi kegiatan apa saja yang dilakukan sehingga cuaca menjadi baik?','3','Salju sedang turun','Ada badai','Cuacanya cerah','Saat itu sedang hujan'),(3,5,11,'डायरीको विषयवस्तुलाई विचार गर्दा, यस दिनको मौसमको बारेमा कुनै उल्लेख छैन, तर कस्ता गतिविधिहरू गरिएका थिए जसले गर्दा मौसम राम्रो हुन सक्थ्यो?','3','हिउँ परिरहेको थियो।','आँधी आयो।','घमाइलो थियो।','पानी परिरहेको थियो।'),(3,6,1,'ひな祭りは何月何日に行われるとされていますか？','2','1月1日','3月3日','5月5日','7月7日'),(3,6,2,'On what date is Hinamatsuri said to take place?','2','January 1st','March 3','May 5','July 7'),(3,6,3,'Em que data o Hinamatsuri acontece?','2','1º de janeiro','3 de março','5 de maio','7 de julho'),(3,6,4,'¿En qué fecha se dice que tiene lugar el Hinamatsuri?','2','1 de enero','3 de marzo','5 de mayo','7 de julio'),(3,6,5,'据说女儿节是在什么日期举行的？','2','1 月 1 日','3 月 3 日','5 月 5 日','7 月 7 日'),(3,6,6,'據說女兒節是在什麼日期舉行的？','2','1 月 1 日','3 月 3 日','5 月 5 日','7 月 7 日'),(3,6,7,'히나 축제는 몇 달 며칠에 이루어지는 것으로 간주됩니까?','2','1월 1일','3월 3일','5월 5일','7월 7일'),(3,6,8,'Sa anong petsa sinasabing magaganap ang Hinamatsuri?','2','ika-1 ng Enero','Marso 3','Mayo 5','Hulyo 7'),(3,6,9,'Lễ hội Hinamatsuri được cho là diễn ra vào ngày nào?','2','Ngày 1 tháng 1','Ngày 3 tháng 3','Ngày 5 tháng 5','Ngày 7 tháng 7'),(3,6,10,'Pada tanggal berapa Hinamatsuri dikatakan terjadi?','2','1 Januari','3 Maret','5 Mei','7 Juli'),(3,6,11,'हिनामात्सुरी कुन मितिमा हुने भनिएको छ?','2','जनवरी १','मार्च ३','मे ५','जुलाई ७'),(4,1,1,'日本のでんとうてきな行事で、さくらの花を見ることを目的としたものは何ですか？','4','もみじがり','月見','ひなまつり','お花見'),(4,1,2,'What traditional Japanese event involves viewing cherry blossoms?','4','Autumn leaf viewing','Moon viewing','Doll\'s Festival','Cherry Blossom Viewing'),(4,1,3,'Qual evento tradicional japonês envolve a observação de flores de cerejeira?','4','Observação de folhas de outono','Observação da lua','Festival das Bonecas','Observação de flores de cerejeira'),(4,1,4,'¿Qué evento tradicional japonés implica contemplar los cerezos en flor?','4','Observación de hojas de otoño','Observación de la luna','Festival de las Muñecas','Observación de los cerezos en flor'),(4,1,5,'日本的哪项传统活动与赏樱花有关？','4','赏枫','赏月','女儿节','赏樱'),(4,1,6,'日本的哪一項傳統活動與賞櫻花有關？','4','賞楓','賞月','女兒節','賞櫻'),(4,1,7,'일본의 전통 행사에서 벚꽃을 보는 것을 목적으로 한 것은 무엇입니까?','4','단풍 사냥','츠키미','병아리 축제','꽃놀이'),(4,1,8,'Anong tradisyunal na kaganapan sa Hapon ang nagsasangkot ng panonood ng mga cherry blossom?','4','Pagtingin sa dahon ng taglagas','Pagtingin sa buwan','Pagdiriwang ng Manika','Pagtingin ng Cherry Blossom'),(4,1,9,'Sự kiện truyền thống nào của Nhật Bản liên quan đến việc ngắm hoa anh đào?','4','Ngắm lá mùa thu','Ngắm trăng','Lễ hội búp bê','Ngắm hoa anh đào'),(4,1,10,'Acara tradisional Jepang apa yang melibatkan melihat bunga sakura?','4','Melihat daun musim gugur','Melihat bulan','Festival Boneka','Melihat Bunga Sakura'),(4,1,11,'कुन परम्परागत जापानी कार्यक्रममा चेरी फूल हेर्नु समावेश छ?','4','शरद ऋतुको पात हेर्ने सुविधा','चन्द्रमा हेर्ने','पुतली महोत्सव','चेरी ब्लसम अवलोकन'),(4,2,1,'インドネシアのでんとうてきな音楽をひょうげんする楽器は次のうちどれですか？','2','そう','ガムラン','ギター','ハープ'),(4,2,2,'Which of the following instruments represents traditional Indonesian music?','2','Koto','Gamelan','guitar','harp'),(4,2,3,'Qual dos seguintes instrumentos representa a música tradicional indonésia?','2','Koto','Gamelão','guitarra','harpa'),(4,2,4,'¿Cuál de los siguientes instrumentos representa la música tradicional de Indonesia?','2','Koto','Gamelán','guitarra','arpa'),(4,2,5,'下列哪种乐器代表印度尼西亚传统音乐？','2','江户','甘美兰','吉他','竖琴'),(4,2,6,'下列哪一種樂器代表印尼傳統音樂？','2','江戶','甘美蘭','吉他','豎琴'),(4,2,7,'인도네시아의 전통 음악을 표현하는 악기는 다음 중 무엇입니까?','2','箏','감란','기타','하프'),(4,2,8,'Alin sa mga sumusunod na instrumento ang kumakatawan sa tradisyonal na musikang Indonesian?','2','Koto','Gamelan','gitara','alpa'),(4,2,9,'Nhạc cụ nào sau đây đại diện cho âm nhạc truyền thống của Indonesia?','2','Đàn Koto','Gamelan','đàn ghita','đàn hạc'),(4,2,10,'Alat musik berikut manakah yang mewakili musik tradisional Indonesia?','2','Koto','Gamelan','gitar','harpa'),(4,2,11,'निम्न मध्ये कुन वाद्ययन्त्रले परम्परागत इन्डोनेसियाली संगीतको प्रतिनिधित्व गर्दछ?','2','कोटो','गेमलान','गितार','वीणा'),(4,3,1,'インドネシア語の「gembira」は、日本の気持ちを表す言葉のうちどれに当たりますか？','2','悲しい','うれしい','いかっている','たいくつな'),(4,3,2,'Which of the following Indonesian words expresses Japanese feelings?','2','sad','happy','Angry','Boring'),(4,3,3,'Qual das seguintes palavras indonésias expressa sentimentos japoneses?','2','triste','feliz','Nervoso','Tedioso'),(4,3,4,'¿Cuál de las siguientes palabras indonesias expresa sentimientos japoneses?','2','triste','feliz','Enojado','Aburrido'),(4,3,5,'以下哪个印尼语单词表达了日本人的感受？','2','伤心','快乐的','生气的','无聊的'),(4,3,6,'下列哪一個印尼語單字表達了日本人的感受？','2','傷心','快樂的','生氣的','無聊的'),(4,3,7,'인도네시아어 ``gembira\'\'는 일본의 감정을 나타내는 단어 중 어느 것에 해당합니까?','2','슬픈','즐거운','화난','지루한'),(4,3,8,'Alin sa mga sumusunod na salitang Indonesian ang nagpapahayag ng damdaming Hapones?','2','malungkot','masaya','Galit','Nakakatamad'),(4,3,9,'Trong các từ tiếng Indonesia sau đây, từ nào diễn tả cảm xúc của người Nhật?','2','buồn','vui mừng','Tức giận','Nhạt nhẽo'),(4,3,10,'Manakah dari kata-kata Indonesia berikut yang mengungkapkan perasaan orang Jepang?','2','sedih','senang','Marah','Membosankan'),(4,3,11,'तलका मध्ये कुन इन्डोनेसियाली शब्दले जापानी भावना व्यक्त गर्दछ?','2','दुःखी','खुसी','रिसाएको','बोरिंग'),(4,4,1,'「ドキドキする」というひょうげんは、次のうちどのかんじょうを表しますか？','2','いかり','期待','喜び','きょうふ'),(4,4,2,'Which of the following emotions does the expression \"I\'m excited\" express?','2','anger','Expectations','joy','Fear'),(4,4,3,'Qual das seguintes emoções a expressão \"Estou animado\" expressa?','2','raiva','Expectativas','alegria','Temer'),(4,4,4,'¿Cuál de las siguientes emociones expresa la expresión “estoy emocionado”?','2','enojo','Esperanzas de heredar','alegría','Miedo'),(4,4,5,'“我很兴奋”这个表情表达了下列哪种情绪？','2','愤怒','期望','喜悦','害怕'),(4,4,6,'「我很興奮」這個表情表達了下列哪一種情緒？','2','憤怒','期望','喜悅','害怕'),(4,4,7,'\'두근두근\'이라는 표현은 다음 중 어떤 감정을 나타낼까요?','2','분노','기대','기쁨','공포'),(4,4,8,'Alin sa mga sumusunod na damdamin ang ipinahahayag ng ekspresyong \"Ako ay nasasabik\"?','2','galit','Mga inaasahan','kagalakan','Takot'),(4,4,9,'Cụm từ \"Tôi phấn khích\" thể hiện cảm xúc nào sau đây?','2','sự tức giận','Kỳ vọng','vui sướng','Nỗi sợ'),(4,4,10,'Emosi manakah yang diungkapkan dengan ekspresi \"Saya gembira\"?','2','amarah','Harapan','sukacita','Takut'),(4,4,11,'\"म उत्साहित छु\" भन्ने अभिव्यक्तिले तलका मध्ये कुन भावना व्यक्त गर्दछ?','2','रिस','अपेक्षाहरू','आनन्द','डर'),(4,5,1,'日記のある日に、日記作成者はどんな本を読んでいたか特定されていますか？','3','まんが','小説','特定されていない','ざっし'),(4,5,2,'Is it possible to identify what books the diarist was reading on any given day in the diary?','3','comics','novel','Not specified','magazine'),(4,5,3,'É possível identificar quais livros o diarista estava lendo em determinado dia do diário?','3','histórias em quadrinhos','romance','Não especificado','revista'),(4,5,4,'¿Es posible identificar qué libros estaba leyendo el diarista en un día determinado del diario?','3','historietas','novedoso','No especificado','revista'),(4,5,5,'是否可以从日记中识别出日记作者在某一天读了什么书？','3','漫画','小说','未指定','杂志'),(4,5,6,'是否可以從日記中辨識出日記作者在某一天讀了什麼書？','3','漫畫','小說','未指定','雜誌'),(4,5,7,'일기가 있는 날에 일기 작성자는 어떤 책을 읽었는지 확인하셨습니까?','3','만화','소설','확인되지 않음','잡지'),(4,5,8,'Posible bang matukoy kung anong mga libro ang binabasa ng diarist sa anumang partikular na araw sa talaarawan?','3','komiks','nobela','Hindi tinukoy','magazine'),(4,5,9,'Liệu có thể xác định được người viết nhật ký đã đọc những cuốn sách nào vào một ngày cụ thể nào đó trong nhật ký không?','3','truyện tranh','cuốn tiểu thuyết','Không xác định','tạp chí'),(4,5,10,'Mungkinkah untuk mengidentifikasi buku apa saja yang dibaca penulis buku harian tersebut pada hari tertentu dalam buku hariannya?','3','komik','novel','Tidak ditentukan','majalah'),(4,5,11,'के डायरीमा कुनै दिन डायरीकारले कुन पुस्तकहरू पढिरहेका थिए भनेर पहिचान गर्न सम्भव छ?','3','कमिक्स','उपन्यास','तोकिएको छैन','पत्रिका'),(4,6,1,'日記に書かれているひな祭りの楽しみは何ですか？','3','花火を見る','特別な音楽を聞く','家族とひな祭りを祝う','サンタクロースを待つ'),(4,6,2,'What are the things you\'re looking forward to about Hinamatsuri that you wrote about in your diary?','3','Watch the fireworks','Listen to special music','Celebrating Girls\' Festival with Family','Waiting for Santa Claus'),(4,6,3,'Quais são as coisas que você mais espera sobre Hinamatsuri e sobre as quais você escreveu no seu diário?','3','Assista aos fogos de artifício','Ouça música especial','Celebrando o Festival das Meninas com a Família','Esperando o Papai Noel'),(4,6,4,'¿Qué cosas esperas con ilusión de Hinamatsuri y que escribiste en tu diario?','3','Mira los fuegos artificiales','Escuchar música especial','Celebrando el Festival de las Niñas en Familia','Esperando a Papá Noel'),(4,6,5,'您在日记中写了哪些关于女儿节的期待呢？','3','观看烟花','聆听特别的音乐','与家人一起庆祝女儿节','等待圣诞老人'),(4,6,6,'您在日記中寫了哪些關於女兒節的期待呢？','3','觀賞煙火','聆聽特別的音樂','與家人一起慶祝女兒節','等待聖誕老人'),(4,6,7,'일기에 쓰여진 히나 축제의 재미는 무엇입니까?','3','불꽃놀이 보기','특별한 음악 듣기','가족과 히나마츠리 축하','산타클로스를 기다리다'),(4,6,8,'Ano ang mga bagay na inaabangan mo tungkol sa Hinamatsuri na isinulat mo sa iyong diary?','3','Manood ng fireworks','Makinig sa espesyal na musika','Ipinagdiriwang ang Girls\' Festival kasama ang Pamilya','Naghihintay para kay Santa Claus'),(4,6,9,'Bạn mong đợi điều gì ở lễ hội Hinamatsuri và viết trong nhật ký của mình?','3','Xem pháo hoa','Nghe nhạc đặc biệt','Kỷ niệm Lễ hội của các bé gái cùng gia đình','Đang chờ ông già Noel'),(4,6,10,'Hal-hal apa saja yang Anda nantikan dari Hinamatsuri yang Anda tulis di buku harian Anda?','3','Menonton kembang api','Dengarkan musik spesial','Merayakan Festival Anak Perempuan Bersama Keluarga','Menunggu Sinterklas'),(4,6,11,'तपाईंले आफ्नो डायरीमा लेख्नुभएको हिनामात्सुरीको बारेमा के-के कुराहरूको प्रतीक्षामा हुनुहुन्छ?','3','आतिशबाजी हेर्नुहोस्','विशेष संगीत सुन्नुहोस्','परिवारसँग बालिका महोत्सव मनाउँदै','सान्ता क्लजको पर्खाइमा'),(5,1,1,'日記作成者が感じたさくらのはかなさを表す日本の美学はどれですか？','2','わびさび','もののあわれ','ごうかけんらん','いき'),(5,1,2,'Which Japanese aesthetic expresses the transience of cherry blossoms as perceived by the diarist?','2','Wabi-sabi','The pathos of things','Gorgeous','Cool'),(5,1,3,'Qual estética japonesa expressa a transitoriedade das flores de cerejeira conforme percebida pelo diarista?','2','Wabi-sabi','O pathos das coisas','Maravilhoso','Legal'),(5,1,4,'¿Qué estética japonesa expresa la transitoriedad de las flores de cerezo tal como las percibe el diarista?','2','Wabi-sabi','El patetismo de las cosas','Espléndido','Fresco'),(5,1,5,'哪种日本美学能够表达日记作者所感知的樱花的短暂性？','2','侘寂','事物的悲哀','华丽的','凉爽的'),(5,1,6,'哪一種日本美學能夠表達日記作者所感知的櫻花的短暫性？','2','侘寂','事物的悲哀','華麗的','涼爽的'),(5,1,7,'일기 작성자가 느낀 벚꽃의 은혜를 나타내는 일본의 미학은 무엇입니까?','2','사로잡은 외로움','것들','호화 현란','멋진'),(5,1,8,'Aling Japanese aesthetic ang nagpapahayag ng transience ng cherry blossoms ayon sa perceived ng diarist?','2','Wabi-sabi','Ang kalunos-lunos ng mga bagay-bagay','napakarilag','Astig'),(5,1,9,'Quan điểm thẩm mỹ nào của Nhật Bản thể hiện sự phù du của hoa anh đào theo cảm nhận của người viết nhật ký?','2','Wabi sabi','Sự bi thương của mọi thứ','Lộng lẫy','Mát mẻ'),(5,1,10,'Estetika Jepang manakah yang mengekspresikan kefanaan bunga sakura sebagaimana dirasakan oleh penulis buku harian?','2','Wabi Sabi','Kesedihan dari berbagai hal','Sangat indah','Dingin'),(5,1,11,'कुन जापानी सौन्दर्यशास्त्रले दैनिकी लेख्ने व्यक्तिले बुझेको चेरी फूलको क्षणिकतालाई व्यक्त गर्छ?','2','वाबी-साबी','चीजहरूको विकृति','सुन्दर','चिसो'),(5,2,1,'日記作成者が100点を取った時の気持ちはどれに近いですか？','2','悲しい','うれしい','いかっている','ねむい'),(5,2,2,'What does a diary writer feel when they get 100 points?','2','sad','happy','Angry','sleepy'),(5,2,3,'O que um escritor de diário sente quando ganha 100 pontos?','2','triste','feliz','Nervoso','com sono'),(5,2,4,'¿Qué siente un escritor de diario cuando obtiene 100 puntos?','2','triste','feliz','Enojado','somnoliento'),(5,2,5,'当写日记的人得到100分时，他会有什么感觉？','2','伤心','快乐的','生气的','困'),(5,2,6,'當寫日記的人得到100分時，他會有什麼感覺？','2','傷心','快樂的','生氣的','睏'),(5,2,7,'일기 작성자가 100점을 취했을 때의 기분은 어느 것에 가깝습니까?','2','슬픈','즐거운','화난','졸린'),(5,2,8,'Ano ang nararamdaman ng isang diary writer kapag nakakuha sila ng 100 puntos?','2','malungkot','masaya','Galit','inaantok'),(5,2,9,'Người viết nhật ký sẽ cảm thấy thế nào khi đạt được 100 điểm?','2','buồn','vui mừng','Tức giận','buồn ngủ'),(5,2,10,'Apa yang dirasakan seorang penulis buku harian ketika mendapat 100 poin?','2','sedih','senang','Marah','mengantuk'),(5,2,11,'डायरी लेखकले १०० अंक पाउँदा कस्तो महसुस गर्छ?','2','दुःखी','खुसी','रिसाएको','निद्रा लागेको'),(5,3,1,'日本のおにごっこと同じ遊びがインドネシアで楽しまれることについて、これはどんな点をしめしていますか？','2','文化的ないしつせい','共通の遊びの楽しさ','きそくのきびしさ','しゅうかんのたようせい'),(5,3,2,'What does this tell us about a game similar to Japanese tag being enjoyed in Indonesia?','2','Cultural heterogeneity','The joy of shared play','The strictness of the rules','Diversity of habits'),(5,3,3,'O que isso nos diz sobre um jogo semelhante ao pega-pega japonês que está sendo apreciado na Indonésia?','2','Heterogeneidade cultural','A alegria da brincadeira compartilhada','O rigor das regras','Diversidade de hábitos'),(5,3,4,'¿Qué nos dice esto sobre un juego similar al tag japonés que se disfruta en Indonesia?','2','Heterogeneidad cultural','La alegría del juego compartido','El rigor de las normas','Diversidad de hábitos'),(5,3,5,'这告诉我们，在印度尼西亚，人们流行一种类似于日本的捉迷藏游戏。','2','文化异质性','共享游戏的乐趣','规则的严格性','习惯的多样性'),(5,3,6,'這告訴我們，在印度尼西亞，人們流行一種類似日本的捉迷藏遊戲。','2','文化異質性','共享遊戲的樂趣','規則的嚴格性','習慣的多樣性'),(5,3,7,'일본의 악마 놀이 같은 놀이가 인도네시아에서 즐기는 것에 대해, 이것은 어떤 점을 나타내고 있습니까?','2','문화적 이질성','공통 놀이의 즐거움','규칙의 엄격함','습관의 다양성'),(5,3,8,'Ano ang sinasabi nito sa amin tungkol sa isang larong katulad ng Japanese tag na tinatangkilik sa Indonesia?','2','Pagkakaiba-iba ng kultura','Ang saya ng shared play','Ang higpit ng rules','Pagkakaiba-iba ng mga gawi'),(5,3,9,'Điều này cho chúng ta biết điều gì về một trò chơi tương tự như trò chơi đuổi bắt của Nhật Bản đang được ưa chuộng ở Indonesia?','2','Sự khác biệt về văn hóa','Niềm vui của việc chơi chung','Sự nghiêm ngặt của các quy tắc','Sự đa dạng của thói quen'),(5,3,10,'Apa yang dapat kita simpulkan dari hal ini tentang permainan serupa tag Jepang yang dinikmati di Indonesia?','2','Heterogenitas budaya','Kesenangan bermain bersama','Ketatnya aturan','Keanekaragaman kebiasaan'),(5,3,11,'यसले हामीलाई इन्डोनेसियामा रमाइलो भइरहेको जापानी ट्याग जस्तै खेलको बारेमा के बताउँछ?','2','सांस्कृतिक विविधता','साझा खेलको आनन्द','नियमहरूको कठोरता','बानीहरूको विविधता'),(5,4,1,'日本語の「楽しい一日でした」のひょうげんににた英語のフレーズはどれですか？','2','It was a boring day.','It was an exciting day.','It was a dull day.','It was a productive day.'),(5,4,2,'Which English phrase is similar to the Japanese expression \"It was a fun day\"?','2','It was a boring day.','It was an exciting day.','It was a dull day.','It was a productive day.'),(5,4,3,'Qual frase em inglês é semelhante à expressão japonesa \"It was a fun day\"?','2','Foi um dia chato.','Foi um dia emocionante.','Era um dia chato.','Foi um dia produtivo.'),(5,4,4,'¿Qué frase en inglés es similar a la expresión japonesa \"Fue un día divertido\"?','2','Fue un día aburrido.','Fue un día emocionante.','Fue un día aburrido.','Fue un día productivo.'),(5,4,5,'哪个英语短语与日语表达“It was a fun day”相似？','2','这真是无聊的一天。','这是令人兴奋的一天。','这真是无聊的一天。','这是富有成效的一天。'),(5,4,6,'哪個英語短語與日文表達“It was a fun day”相似？','2','這真是無聊的一天。','這是令人興奮的一天。','這真是無聊的一天。','這是富有成效的一天。'),(5,4,7,'일본어의 \"즐거운 하루였습니다\"의 표현과 비슷한 영어 문구는 무엇입니까?','2','It was a boring day.','It was an exciting day.','It was a dull day.','It was a productive day.'),(5,4,8,'Aling English na parirala ang katulad ng Japanese expression na \"It was a fun day\"?','2','Nakakatamad ang araw na iyon.','Ito ay isang kapana-panabik na araw.','Ito ay isang mapurol na araw.','Ito ay isang produktibong araw.'),(5,4,9,'Cụm từ tiếng Anh nào tương tự với câu nói \"It was a fun day\" của tiếng Nhật?','2','Đó là một ngày buồn tẻ.','Đó là một ngày thú vị.','Đó là một ngày buồn tẻ.','Đó là một ngày làm việc hiệu quả.'),(5,4,10,'Frasa bahasa Inggris manakah yang mirip dengan ungkapan bahasa Jepang \"It was a fun day\"?','2','Itu hari yang membosankan.','Itu hari yang menyenangkan.','Hari itu sungguh membosankan.','Itu adalah hari yang produktif.'),(5,4,11,'\"यो रमाइलो दिन थियो\" भन्ने जापानी अभिव्यक्तिसँग मिल्दोजुल्दो अंग्रेजी वाक्यांश कुन हो?','2','त्यो दिन एकदमै बोरिंग थियो।','त्यो एकदमै रोमाञ्चक दिन थियो।','त्यो दिन एकदमै नीरस थियो।','यो एक उत्पादक दिन थियो।'),(5,5,1,'日記の文脈から、「menghabiskan waktu di rumah」とは何を意味しますか？','2','旅行に行く','家で時間をすごす','仕事をする','料理を習う'),(5,5,2,'From the context of the diary, what does \"menghabiskan waktu di rumah\" mean?','2','Go on a trip','Spending time at home','Doing the job','Learn to cook'),(5,5,3,'No contexto do diário, o que significa \"menghabiskan waktu di rumah\"?','2','Faça uma viagem','Passando tempo em casa','Fazendo o trabalho','Aprenda a cozinhar'),(5,5,4,'Del contexto del diario, ¿qué significa \"menghabiskan waktu di rumah\"?','2','Ir de viaje','Pasar tiempo en casa','Haciendo el trabajo','Aprende a cocinar'),(5,5,5,'从日记的上下文来看，“menghabiskan waktu di rumah”是什么意思？','2','去旅行','待在家里','做好工作','学习烹饪'),(5,5,6,'從日記的脈絡來看，「menghabiskan waktu di rumah」是什麼意思？','2','去旅行','待在家裡','做好工作','學習烹飪'),(5,5,7,'일기의 맥락에서 \"menghabiskan waktu di rumah\"는 무엇을 의미합니까?','2','여행을 가다','집에서 시간을 보내다','일하다','요리를 배우다'),(5,5,8,'Mula sa konteksto ng talaarawan, ano ang ibig sabihin ng \"menghabiskan waktu di rumah\"?','2','Mag-trip','Gumugol ng oras sa bahay','Ginagawa ang trabaho','Matuto kang magluto'),(5,5,9,'Theo bối cảnh của cuốn nhật ký, \"menghabiskan waktu di rumah\" có nghĩa là gì?','2','Đi du lịch','Dành thời gian ở nhà','Làm công việc','Học nấu ăn'),(5,5,10,'Dari konteks buku harian tersebut, apa yang dimaksud dengan \"menghabiskan waktu di rumah\"?','2','Pergi jalan-jalan','Menghabiskan waktu di rumah','Melakukan pekerjaan','Belajar memasak'),(5,5,11,'डायरीको सन्दर्भबाट, \"मेन्घाबिस्कन वक्तु दी रुमा\" को अर्थ के हो?','2','यात्रामा जानुहोस्','घरमै समय बिताउने','काम गर्दै','खाना पकाउन सिक्नुहोस्'),(5,6,1,'ひなあられが表す季節をしょうちょうする意味として正しいのはどれですか？','3','夏の暑さ','冬の雪','春のおとずれ','秋のこうよう'),(5,6,2,'Which of the following is the symbolic meaning of the season that Hina Arare represents?','3','Summer heat','Winter Snow','The Arrival of Spring','Autumn leaves'),(5,6,3,'Qual dos seguintes é o significado simbólico da estação que Hina Arare representa?','3','Calor do verão','Neve de inverno','A chegada da primavera','Folhas de outono'),(5,6,4,'¿Cuál de los siguientes es el significado simbólico de la temporada que representa Hina Arare?','3','Calor del verano','Nieve de invierno','La llegada de la primavera','Hojas de otoño'),(5,6,5,'以下哪个是 Hina Arare 所代表的季节的象征意义？','3','夏季炎热','冬雪','春天的到来','秋叶'),(5,6,6,'下列哪一個是 Hina Arare 所代表的季節的象徵意義？','3','夏季炎熱','冬雪','春天的到來','秋葉'),(5,6,7,'히나아레가 나타내는 계절을 상징하는 의미로 올바른 것은 무엇입니까?','3','여름 더위','겨울 눈','봄 방문','가을 단풍'),(5,6,8,'Alin sa mga sumusunod ang simbolikong kahulugan ng panahon na kinakatawan ni Hina Arare?','3','init ng tag-init','Niyebe sa Taglamig','Ang Pagdating ng Tagsibol','Mga dahon ng taglagas'),(5,6,9,'Trong các ý sau đây, ý nghĩa tượng trưng nào của mùa mà Hina Arare đại diện?','3','Mùa hè nóng bức','Tuyết mùa đông','Mùa xuân đến','Lá mùa thu'),(5,6,10,'Manakah dari berikut ini yang merupakan makna simbolis dari musim yang diwakili oleh Hina Arare?','3','Panas musim panas','Salju Musim Dingin','Datangnya Musim Semi','Daun musim gugur'),(5,6,11,'हिना अरारेले प्रतिनिधित्व गर्ने ऋतुको प्रतीकात्मक अर्थ तलका मध्ये कुन हो?','3','गर्मीको गर्मी','जाडोयामको हिउँ','वसन्तको आगमन','शरद ऋतुका पातहरू');
/*!40000 ALTER TABLE `multilingual_quiz` ENABLE KEYS */;
UNLOCK TABLES;

--
-- Table structure for table `quiz`
--

DROP TABLE IF EXISTS `quiz`;
/*!40101 SET @saved_cs_client     = @@character_set_client */;
/*!40101 SET character_set_client = utf8 */;
CREATE TABLE `quiz` (
  `quiz_id` int NOT NULL,
  `diary_id` int NOT NULL,
  `question` text NOT NULL,
  `correct` char(1) NOT NULL,
  `a` text NOT NULL,
  `b` text NOT NULL,
  `c` text NOT NULL,
  `d` text NOT NULL,
  PRIMARY KEY (`quiz_id`,`diary_id`),
  KEY `diary_id` (`diary_id`),
  CONSTRAINT `quiz_ibfk_1` FOREIGN KEY (`diary_id`) REFERENCES `diary` (`diary_id`)
) ENGINE=InnoDB DEFAULT CHARSET=utf8mb4 COLLATE=utf8mb4_0900_ai_ci;
/*!40101 SET character_set_client = @saved_cs_client */;

--
-- Dumping data for table `quiz`
--

LOCK TABLES `quiz` WRITE;
/*!40000 ALTER TABLE `quiz` DISABLE KEYS */;
INSERT INTO `quiz` VALUES (1,1,'「お花見」はどの季節に行われる行事ですか？','4','夏','秋','冬','春'),(1,2,'日記作成者はどの教科のテストで100点を取りましたか？','2','国語','算数','理科','社会'),(1,3,'インドネシアの学校での休み時間の遊びとして最も人気があるものの一つは何ですか？','3','縄跳び','サッカー','鬼ごっこ','バスケットボール'),(1,4,'日本では運動会のお弁当に定番なおかずとして人気の「からあげ」を英語で表現するとどれですか？','2','Sautéed chicken','Fried chicken','Boiled chicken','Steamed chicken'),(1,5,'「nasi goreng」はどの国の料理ですか？','3','中国','マレーシア','インドネシア','タイ'),(1,6,'ひな祭りに飾られるひな人形の中で、最上段に置かれる二人の人形は誰を表していますか？','2','王子様と王女様','お内裏様とお雛様','神様と天使','侍と忍者'),(2,1,'日本の「もののあわれ」とは何を指しますか？','2','自然の猛威','一瞬の美しさと無常を感じる心','物事の本質を見抜く目','家族の絆を大切にする心'),(2,2,'インドネシアの伝統的な正月のお祝いでよく食べられる料理は何ですか？','3','ピザ','ケバブ','ナシトゥンペン','寿司'),(2,3,'インドネシアで使われる「bersembunyi」という言葉は、どんな行動を意味しますか？','2','走る','隠れる','飛ぶ','スイミング'),(2,4,'「バトンを渡す」という表現は、次のスポーツのどれに関連していますか？','4','バスケットボール','サッカー','テニス','リレー'),(2,5,'日記によれば、日記作成者が一番楽しかったことは何ですか？','3','新しい映画を見る','アウトドアでの活動','母の作った「nasi goreng」を食べる','絵を描く'),(2,6,'日本のひな祭りで食べられる「ひなあられ」の主な色の組み合わせはどれですか？','3','赤と青','黄と黒','ピンクと白と緑','紫とオレンジ'),(3,1,'日本における春の代表的な花は何ですか？','2','梅','桜','菊','藤'),(3,2,'インドネシアの国民的な衣装を何と呼びますか？','3','キモノ','パンジャビ','バティック','チャイナドレス'),(3,3,'「tersembunyi」は日本語のどの状態を表すでしょうか？','2','明らかな','隠された','走る','座る'),(3,4,'「全力で走る」の意味に最も近いことわざは日本語で次のうちどれですか？','4','石の上にも三年','千里の道も一歩から','七転び八起き','猪突猛進'),(3,5,'日記の内容から考えて、この日の天気について書かれていないが、どんな活動をしていたので天気が良かった可能性があるか？','3','雪が降っていた','嵐があった','晴れていた','雨が降っていた'),(3,6,'ひな祭りは何月何日に行われるとされていますか？','2','1月1日','3月3日','5月5日','7月7日'),(4,1,'日本の伝統的な行事で、桜の花を見ることを目的としたものは何ですか？','4','紅葉狩り','月見','雛祭り','お花見'),(4,2,'インドネシアの伝統的な音楽を表現する楽器は次のうちどれですか？','2','箏','ガムラン','ギター','ハープ'),(4,3,'インドネシア語の「gembira」は、日本の気持ちを表す言葉のうちどれに当たりますか？','2','悲しい','嬉しい','怒っている','退屈な'),(4,4,'「ドキドキする」という表現は、次のうちどの感情を表しますか？','2','怒り','期待','喜び','恐怖'),(4,5,'日記のある日に、日記作成者はどんな本を読んでいたか特定されていますか？','3','漫画','小説','特定されていない','雑誌'),(4,6,'日記に書かれているひな祭りの楽しみは何ですか？','3','花火を見る','特別な音楽を聞く','家族とひな祭りを祝う','サンタクロースを待つ'),(5,1,'日記作成者が感じた桜のはかなさを表す日本の美学はどれですか？','2','侘び寂び','もののあわれ','豪華絢爛','粋'),(5,2,'日記作成者が100点を取った時の気持ちはどれに近いですか？','2','悲しい','嬉しい','怒っている','眠い'),(5,3,'日本の鬼ごっこと同じ遊びがインドネシアで楽しまれることについて、これはどんな点を示していますか？','2','文化的な異質性','共通の遊びの楽しさ','規則の厳しさ','習慣の多様性'),(5,4,'日本語の「楽しい一日でした」の表現に似た英語のフレーズはどれですか？','2','It was a boring day.','It was an exciting day.','It was a dull day.','It was a productive day.'),(5,5,'日記の文脈から、「menghabiskan waktu di rumah」とは何を意味しますか？','2','旅行に行く','家で時間を過ごす','仕事をする','料理を習う'),(5,6,'ひなあられが表す季節を象徴する意味として正しいのはどれですか？','3','夏の暑さ','冬の雪','春の訪れ','秋の紅葉');
/*!40000 ALTER TABLE `quiz` ENABLE KEYS */;
UNLOCK TABLES;

--
-- Table structure for table `team`
--

DROP TABLE IF EXISTS `team`;
/*!40101 SET @saved_cs_client     = @@character_set_client */;
/*!40101 SET character_set_client = utf8 */;
CREATE TABLE `team` (
  `team_id` varchar(128) NOT NULL,
  `team_name` varchar(128) NOT NULL,
  `team_time` datetime NOT NULL,
  `country` varchar(128) DEFAULT NULL,
  `age` varchar(128) DEFAULT NULL,
  `member_count` int DEFAULT NULL,
  PRIMARY KEY (`team_id`)
) ENGINE=InnoDB DEFAULT CHARSET=utf8mb4 COLLATE=utf8mb4_0900_ai_ci;
/*!40101 SET character_set_client = @saved_cs_client */;

--
-- Dumping data for table `team`
--

LOCK TABLES `team` WRITE;
/*!40000 ALTER TABLE `team` DISABLE KEYS */;
INSERT INTO `team` VALUES ('sia','SIA小学校 5年A組','2025-03-17 15:37:08','Japan,Indonesia','Elementary5',10);
/*!40000 ALTER TABLE `team` ENABLE KEYS */;
UNLOCK TABLES;

--
-- Table structure for table `title`
--

DROP TABLE IF EXISTS `title`;
/*!40101 SET @saved_cs_client     = @@character_set_client */;
/*!40101 SET character_set_client = utf8 */;
CREATE TABLE `title` (
  `title_id` int NOT NULL,
  `language_id` int NOT NULL,
  `title_name` varchar(128) NOT NULL,
  PRIMARY KEY (`title_id`,`language_id`),
  KEY `language_id` (`language_id`),
  CONSTRAINT `title_ibfk_1` FOREIGN KEY (`language_id`) REFERENCES `language` (`language_id`)
) ENGINE=InnoDB DEFAULT CHARSET=utf8mb4 COLLATE=utf8mb4_0900_ai_ci;
/*!40101 SET character_set_client = @saved_cs_client */;

--
-- Dumping data for table `title`
--

LOCK TABLES `title` WRITE;
/*!40000 ALTER TABLE `title` DISABLE KEYS */;
INSERT INTO `title` VALUES (1,1,'かけだしのクイズ好き'),(1,2,'Novice Quiz Enthusiast'),(1,3,'Entusiasta de Quiz Iniciante'),(1,4,'Entusiasta de Cuestionarios Principiante'),(1,5,'初学者的测验爱好者'),(1,6,'初學者的測驗愛好者'),(1,7,'초보 퀴즈 애호가'),(1,8,'Baguhan na Mahilig sa Pagsusulit'),(1,9,'Người đam mê câu đố mới bắt đầu'),(1,10,'Penggemar Kuis Pemula'),(1,11,'सुरुवाती क्विज प्रेमी'),(2,1,'クイズビギナー'),(2,2,'Quiz Beginner'),(2,3,'Iniciante em Quiz'),(2,4,'Principiante en Cuestionarios'),(2,5,'测验初学者'),(2,6,'測驗初學者'),(2,7,'퀴즈 초보자'),(2,8,'Baguhan sa Pagsusulit'),(2,9,'Người mới bắt đầu câu đố'),(2,10,'Pemula Kuis'),(2,11,'क्विज प्रारम्भकर्ता'),(3,1,'知識コレクター'),(3,2,'Knowledge Collector'),(3,3,'Coletor de Conhecimento'),(3,4,'Coleccionista de Conocimientos'),(3,5,'知识收集者'),(3,6,'知識收集者'),(3,7,'지식 수집가'),(3,8,'Kolektor ng Kaalaman'),(3,9,'Nhà sưu tập kiến thức'),(3,10,'Pengumpul Pengetahuan'),(3,11,'ज्ञान सङ्कलक'),(4,1,'クイズチャレンジャー'),(4,2,'Quiz Challenger'),(4,3,'Desafiante de Quiz'),(4,4,'Desafiante de Cuestionarios'),(4,5,'测验挑战者'),(4,6,'測驗挑戰者'),(4,7,'퀴즈 도전자'),(4,8,'Tagapaghamon sa Pagsusulit'),(4,9,'Người thách thức câu đố'),(4,10,'Penantang Kuis'),(4,11,'क्विज चुनौती दिनेको'),(5,1,'文化のエキスパート'),(5,2,'Culture Expert'),(5,3,'Especialista em Cultura'),(5,4,'Experto en Cultura'),(5,5,'文化专家'),(5,6,'文化專家'),(5,7,'문화 전문가'),(5,8,'Eksperto sa Kultura'),(5,9,'Chuyên gia văn hóa'),(5,10,'Pakar Budaya'),(5,11,'संस्कृतिको विशेषज्ञ'),(6,1,'クイズマスター'),(6,2,'Quiz Master'),(6,3,'Mestre do Quiz'),(6,4,'Maestro de Cuestionarios'),(6,5,'测验大师'),(6,6,'測驗大師'),(6,7,'퀴즈 마스터'),(6,8,'Master ng Pagsusulit'),(6,9,'Bậc thầy câu đố'),(6,10,'Master Kuis'),(6,11,'क्विज गुरु'),(7,1,'スーパー頭脳'),(7,2,'Super Brain'),(7,3,'Super Cérebro'),(7,4,'Súper Cerebro'),(7,5,'超级大脑'),(7,6,'超級大腦'),(7,7,'슈퍼 두뇌'),(7,8,'Napakatalinong Utak'),(7,9,'Bộ não siêu cấp'),(7,10,'Otak Super'),(7,11,'सुपर मस्तिष्क'),(8,1,'知識ヒーロー'),(8,2,'Knowledge Hero'),(8,3,'Herói do Conhecimento'),(8,4,'Héroe del Conocimiento'),(8,5,'知识英雄'),(8,6,'知識英雄'),(8,7,'지식 영웅'),(8,8,'Bayani ng Kaalaman'),(8,9,'Anh hùng tri thức'),(8,10,'Pahlawan Pengetahuan'),(8,11,'ज्ञान नायक'),(9,1,'クイズのエリート'),(9,2,'Quiz Elite'),(9,3,'Elite do Quiz'),(9,4,'Élite del Cuestionario'),(9,5,'测验精英'),(9,6,'測驗精英'),(9,7,'퀴즈 엘리트'),(9,8,'Elit ng Pagsusulit'),(9,9,'Tinh hoa câu đố'),(9,10,'Elit Kuis'),(9,11,'क्विज अभिजात वर्ग'),(10,1,'クイズの天才'),(10,2,'Quiz Genius'),(10,3,'Gênio do Quiz'),(10,4,'Genio de Cuestionarios'),(10,5,'测验天才'),(10,6,'測驗天才'),(10,7,'퀴즈 천재'),(10,8,'Henyo ng Pagsusulit'),(10,9,'Thiên tài câu đố'),(10,10,'Jenius Kuis'),(10,11,'क्विज प्रतिभा'),(11,1,'世界の神'),(11,2,'God of the World'),(11,3,'Deus do Mundo'),(11,4,'Dios del Mundo'),(11,5,'世界之神'),(11,6,'世界之神'),(11,7,'세계의 신'),(11,8,'Diyos ng Mundo'),(11,9,'Thần thế giới'),(11,10,'Dewa Dunia'),(11,11,'संसारको देवता');
/*!40000 ALTER TABLE `title` ENABLE KEYS */;
UNLOCK TABLES;

--
-- Table structure for table `user`
--

DROP TABLE IF EXISTS `user`;
/*!40101 SET @saved_cs_client     = @@character_set_client */;
/*!40101 SET character_set_client = utf8 */;
CREATE TABLE `user` (
  `user_id` varchar(128) NOT NULL,
  `team_id` varchar(128) NOT NULL,
  `password` varchar(64) NOT NULL,
  `name` varchar(32) NOT NULL,
  `main_language` int NOT NULL,
  `learn_language` int NOT NULL,
  `answer_count` int DEFAULT '0',
  `diary_count` int DEFAULT '0',
  `nickname` int DEFAULT '1',
  `is_admin` tinyint(1) DEFAULT '0',
  PRIMARY KEY (`user_id`,`team_id`),
  KEY `team_id` (`team_id`),
  KEY `main_language` (`main_language`),
  KEY `learn_language` (`learn_language`),
  CONSTRAINT `user_ibfk_1` FOREIGN KEY (`team_id`) REFERENCES `team` (`team_id`),
  CONSTRAINT `user_ibfk_2` FOREIGN KEY (`main_language`) REFERENCES `language` (`language_id`),
  CONSTRAINT `user_ibfk_3` FOREIGN KEY (`learn_language`) REFERENCES `language` (`language_id`)
) ENGINE=InnoDB DEFAULT CHARSET=utf8mb4 COLLATE=utf8mb4_0900_ai_ci;
/*!40101 SET character_set_client = @saved_cs_client */;

--
-- Dumping data for table `user`
--

LOCK TABLES `user` WRITE;
/*!40000 ALTER TABLE `user` DISABLE KEYS */;
INSERT INTO `user` VALUES ('01','sia','$2b$12$ewyKu2J6rG2qi3gn6mCIUegYa1VEQqOjs6AF6FmJCGueaYrwKeVXu','山内 瞭',1,10,10,2,2,0),('02 ','sia','$2b$12$1hKjkS28B6Plvr6NkbogkOaCPvc384psHdOP4lZun9Oqo/1d7JkDW','飛澤　佑季',1,10,11,0,2,0),('03','sia','$2b$12$uccGtpKb5BwbbmHfpMz58O.3IN22c3IJSzS/Kt4v.uEsrv2vxJKdi','増尾　柚希',1,10,11,1,2,0),('04','sia','$2b$12$VpnJcUtdIxnzp57nalfADe6Petu7jwGXvkUcCUAu/FsLVosCs5u/q','本多　快',1,10,12,1,2,0),('05','sia','$2b$12$kacUl6xGCH1s8S84vNwgruwwuJvsMzk/5qliN8fDB74NykmSIOEby','Sri',10,1,3,2,1,0),('06','sia','$2b$12$QGWmW0kcEV9SVmqj0LqOpeCfJ3cGm.2Kiep4sRGSvCai3A9CsGX5i','情報　太郎',1,10,0,0,1,0),('07','sia','$2b$12$YCDao6iwWurpxo3ALP4VB.20fD4zVEemlAl61mJNyiU4k3ymFm7uC','立命　花子',1,10,0,0,1,0),('08','sia','$2b$12$bZMGrx3cHwJB4eTEmCLAt.JePpweUHXgoLSZbwJmPhMGDCZ5dVmym','滋賀　国際',1,10,0,0,1,0),('09','sia','$2b$12$KuekhnH4g5elAXtLuewUEe.ZFaDuGwxz25uNSucl0K0c5gvIqnB6q','協会　大津',1,10,0,0,1,0),('teacher','sia','$2b$12$8MonH9aprdCtSXX79hmcAu4HYokDF79XZZNwHmc5uvLp5dkJ1KIEy','村上先生',1,10,0,0,1,1);
/*!40000 ALTER TABLE `user` ENABLE KEYS */;
UNLOCK TABLES;
/*!40103 SET TIME_ZONE=@OLD_TIME_ZONE */;

/*!40101 SET SQL_MODE=@OLD_SQL_MODE */;
/*!40014 SET FOREIGN_KEY_CHECKS=@OLD_FOREIGN_KEY_CHECKS */;
/*!40014 SET UNIQUE_CHECKS=@OLD_UNIQUE_CHECKS */;
/*!40101 SET CHARACTER_SET_CLIENT=@OLD_CHARACTER_SET_CLIENT */;
/*!40101 SET CHARACTER_SET_RESULTS=@OLD_CHARACTER_SET_RESULTS */;
/*!40101 SET COLLATION_CONNECTION=@OLD_COLLATION_CONNECTION */;
/*!40111 SET SQL_NOTES=@OLD_SQL_NOTES */;

-- Dump completed on 2025-03-17 17:09:09
